GEOID,Geography_Name,County,State,Total_Population,Median_Age,Pct_Age_65_Plus,Median_Household_Income,Pct_Below_Poverty,Pct_No_Health_Insurance,Pct_Commute_Public_Transit,Pct_Broadband_Internet,Pct_NonEnglish_Language_Home
10001040100,Census Tract 401; Kent County; Delaware,,,7343,41.7,14.3,76330.0,13.6,3.6,0.5,92.4,11.8
10001040201,Census Tract 402.01; Kent County; Delaware,,,5132,36.6,11.0,81202.0,5.1,6.4,1.3,95.9,3.3
10001040203,Census Tract 402.03; Kent County; Delaware,,,5415,40.8,22.7,66932.0,16.6,6.4,0.0,87.6,13.3
10001040204,Census Tract 402.04; Kent County; Delaware,,,6265,38.2,15.5,97773.0,8.2,4.6,0.7,95.0,11.0
10001040205,Census Tract 402.05; Kent County; Delaware,,,4857,33.3,13.4,61992.0,10.1,3.3,0.0,91.7,9.3
10001040206,Census Tract 402.06; Kent County; Delaware,,,7807,41.8,19.6,100580.0,1.1,7.3,0.0,93.7,11.9
10001040501,Census Tract 405.01; Kent County; Delaware,,,4777,44.7,20.5,60833.0,16.3,6.5,1.4,86.1,14.3
10001040502,Census Tract 405.02; Kent County; Delaware,,,2647,39.3,18.1,62917.0,12.8,11.4,2.7,90.2,8.5
10001040700,Census Tract 407; Kent County; Delaware,,,5417,42.9,28.6,79125.0,24.9,3.6,0.0,86.5,11.5
10001040900,Census Tract 409; Kent County; Delaware,,,2334,36.6,26.6,37072.0,23.8,3.1,0.5,69.8,8.6
10001041000,Census Tract 410; Kent County; Delaware,,,7176,40.2,19.2,60117.0,14.0,10.9,0.0,83.5,13.9
10001041101,Census Tract 411.01; Kent County; Delaware,,,3262,25.9,1.8,67174.0,3.3,2.6,0.0,100.0,15.4
10001041200,Census Tract 412; Kent County; Delaware,,,3809,34.5,16.7,71648.0,15.5,6.0,0.1,92.0,22.8
10001041300,Census Tract 413; Kent County; Delaware,,,2135,35.3,18.6,44638.0,28.5,7.1,0.0,91.4,7.4
10001041400,Census Tract 414; Kent County; Delaware,,,3626,34.3,12.5,38768.0,28.5,10.9,6.4,90.4,9.6
10001041500,Census Tract 415; Kent County; Delaware,,,4491,42.3,15.3,51953.0,18.9,11.9,2.7,92.1,8.7
10001041600,Census Tract 416; Kent County; Delaware,,,2345,41.8,23.6,78167.0,16.8,4.4,0.6,91.8,5.6
10001041701,Census Tract 417.01; Kent County; Delaware,,,6076,35.3,21.7,62300.0,7.7,5.9,0.2,96.3,16.7
10001041702,Census Tract 417.02; Kent County; Delaware,,,4516,42.0,16.6,102389.0,8.4,1.7,0.0,94.3,8.5
10001041802,Census Tract 418.02; Kent County; Delaware,,,6847,34.9,13.9,73472.0,4.0,12.2,0.0,92.4,19.0
10001041803,Census Tract 418.03; Kent County; Delaware,,,4288,33.6,18.6,56431.0,29.0,9.5,0.1,81.7,15.8
10001041804,Census Tract 418.04; Kent County; Delaware,,,5657,47.7,23.1,81328.0,10.8,5.1,2.3,91.5,13.2
10001041900,Census Tract 419; Kent County; Delaware,,,5119,41.0,15.8,64706.0,11.0,16.0,0.0,85.2,11.3
10001042000,Census Tract 420; Kent County; Delaware,,,3220,38.2,13.6,87862.0,8.8,25.0,0.4,68.2,19.3
10001042100,Census Tract 421; Kent County; Delaware,,,4523,36.8,14.0,80981.0,13.7,14.9,0.0,88.0,20.9
10001042203,Census Tract 422.03; Kent County; Delaware,,,6184,34.5,14.8,87778.0,4.0,2.5,2.1,97.6,1.6
10001042204,Census Tract 422.04; Kent County; Delaware,,,4416,37.6,20.1,108000.0,4.0,6.9,0.0,91.9,17.4
10001042205,Census Tract 422.05; Kent County; Delaware,,,2739,34.3,14.6,55163.0,23.8,4.3,0.0,92.5,5.4
10001042206,Census Tract 422.06; Kent County; Delaware,,,2600,52.4,23.8,85625.0,8.0,6.3,0.0,98.7,4.6
10001042207,Census Tract 422.07; Kent County; Delaware,,,2606,38.3,9.8,101250.0,4.1,4.1,4.2,84.1,5.4
10001042208,Census Tract 422.08; Kent County; Delaware,,,4028,51.1,21.5,73750.0,12.3,4.9,0.8,90.7,2.5
10001042500,Census Tract 425; Kent County; Delaware,,,4325,40.9,19.2,40507.0,22.7,8.9,0.9,73.9,29.8
10001042801,Census Tract 428.01; Kent County; Delaware,,,1913,45.1,20.1,60000.0,7.1,7.4,0.1,92.3,3.1
10001042802,Census Tract 428.02; Kent County; Delaware,,,5746,44.3,18.8,77851.0,11.1,4.2,0.0,86.2,6.7
10001042900,Census Tract 429; Kent County; Delaware,,,5385,38.7,22.3,65362.0,10.1,10.3,0.0,84.4,1.5
10001043000,Census Tract 430; Kent County; Delaware,,,5602,31.7,13.4,70271.0,12.5,4.3,0.5,87.9,10.1
10001043100,Census Tract 431; Kent County; Delaware,,,2260,50.0,17.2,79071.0,9.6,3.0,0.0,88.0,2.3
10001043202,Census Tract 432.02; Kent County; Delaware,,,3748,46.1,18.8,56098.0,16.4,3.4,0.0,88.3,2.0
10001043300,Census Tract 433; Kent County; Delaware,,,6276,22.4,13.2,48373.0,25.7,2.8,2.9,86.6,11.1
10001043400,Census Tract 434; Kent County; Delaware,,,5424,39.4,22.8,75426.0,5.4,3.6,0.7,89.6,7.6
10001980000,Census Tract 9800; Kent County; Delaware,,,64,21.1,0.0,,-666666666.0,-666666666.0,0.0,-666666666.0,7.8
10001990000,Census Tract 9900; Kent County; Delaware,,,0,-666666666.0,-666666666.0,,-666666666.0,-666666666.0,-666666666.0,-666666666.0,-666666666.0
10003000200,Census Tract 2; New Castle County; Delaware,,,4738,39.5,15.5,65234.0,5.3,2.6,3.4,93.9,12.6
10003000300,Census Tract 3; New Castle County; Delaware,,,3616,31.4,9.2,55433.0,29.3,8.2,5.4,85.3,6.7
10003000400,Census Tract 4; New Castle County; Delaware,,,2953,42.7,25.8,35250.0,22.5,4.9,9.5,86.3,13.0
10003000500,Census Tract 5; New Castle County; Delaware,,,3605,41.1,10.6,78867.0,19.5,8.2,6.7,65.1,7.0
10003000601,Census Tract 6.01; New Castle County; Delaware,,,2892,30.6,10.0,50962.0,41.2,4.0,35.7,78.9,2.3
10003000602,Census Tract 6.02; New Castle County; Delaware,,,2461,43.5,11.8,32163.0,14.7,8.0,10.1,69.8,5.8
10003000900,Census Tract 9; New Castle County; Delaware,,,2397,35.3,9.6,43269.0,26.6,4.6,17.0,82.1,12.3
10003001100,Census Tract 11; New Castle County; Delaware,,,3415,47.1,23.1,61844.0,22.5,3.1,3.3,83.4,6.9
10003001200,Census Tract 12; New Castle County; Delaware,,,1850,30.9,13.8,82428.0,1.5,2.7,2.4,96.3,3.6
10003001300,Census Tract 13; New Castle County; Delaware,,,3618,54.9,31.7,141563.0,3.0,3.0,1.3,94.7,3.2
10003001400,Census Tract 14; New Castle County; Delaware,,,2195,34.1,15.8,57964.0,37.1,6.2,5.7,86.3,12.4
10003001500,Census Tract 15; New Castle County; Delaware,,,2393,37.5,16.9,60185.0,25.8,6.4,0.8,81.8,4.1
10003001600,Census Tract 16; New Castle County; Delaware,,,2734,31.9,3.9,47792.0,34.6,4.2,16.5,86.3,5.9
10003001902,Census Tract 19.02; New Castle County; Delaware,,,2123,30.9,8.6,63560.0,30.2,7.0,9.4,91.3,12.3
10003002100,Census Tract 21; New Castle County; Delaware,,,1335,45.7,13.3,32789.0,36.4,11.8,24.9,78.6,11.4
10003002200,Census Tract 22; New Castle County; Delaware,,,3419,32.2,17.4,39768.0,38.6,20.8,3.5,93.1,54.2
10003002300,Census Tract 23; New Castle County; Delaware,,,2153,38.7,13.4,46806.0,32.6,4.7,23.9,86.9,28.4
10003002400,Census Tract 24; New Castle County; Delaware,,,4225,37.3,20.8,38184.0,22.3,1.5,6.7,76.4,3.2
10003002500,Census Tract 25; New Castle County; Delaware,,,3174,45.9,16.8,66983.0,9.6,6.9,2.7,92.6,18.1
10003002600,Census Tract 26; New Castle County; Delaware,,,4004,37.3,13.5,36739.0,27.9,7.6,12.1,82.1,27.1
10003002700,Census Tract 27; New Castle County; Delaware,,,2943,32.5,9.7,69126.0,21.8,5.0,2.2,85.7,19.0
10003002800,Census Tract 28; New Castle County; Delaware,,,2142,34.8,7.0,44808.0,26.2,5.9,7.6,79.3,13.7
10003002900,Census Tract 29; New Castle County; Delaware,,,3542,37.3,13.5,25302.0,37.7,5.5,10.8,71.6,5.0
10003003002,Census Tract 30.02; New Castle County; Delaware,,,3107,29.6,3.8,41375.0,42.6,4.8,20.6,78.2,4.8
10003010104,Census Tract 101.04; New Castle County; Delaware,,,3928,41.5,12.3,55687.0,12.7,10.5,11.6,89.4,12.2
10003010105,Census Tract 101.05; New Castle County; Delaware,,,2499,33.6,7.4,74688.0,15.4,4.4,6.6,82.3,14.7
10003010106,Census Tract 101.06; New Castle County; Delaware,,,1709,43.3,33.3,45996.0,9.6,4.2,1.8,74.9,15.1
10003010200,Census Tract 102; New Castle County; Delaware,,,2113,38.7,16.6,103542.0,0.8,7.6,0.0,88.7,17.9
10003010300,Census Tract 103; New Castle County; Delaware,,,4155,35.0,15.8,93295.0,12.0,1.5,2.7,83.8,22.0
10003010400,Census Tract 104; New Castle County; Delaware,,,4843,39.0,16.6,89781.0,5.0,1.8,1.6,96.9,7.8
10003010502,Census Tract 105.02; New Castle County; Delaware,,,6168,37.5,12.3,86250.0,8.6,3.3,0.1,96.8,7.3
10003010703,Census Tract 107.03; New Castle County; Delaware,,,1861,35.9,14.0,82917.0,35.1,0.3,8.5,100.0,8.4
10003010704,Census Tract 107.04; New Castle County; Delaware,,,3881,42.2,12.4,63750.0,18.1,3.2,3.6,95.3,15.1
10003010800,Census Tract 108; New Castle County; Delaware,,,4880,47.9,25.3,91271.0,7.7,1.8,3.0,92.9,7.3
10003010900,Census Tract 109; New Castle County; Delaware,,,2605,58.4,33.6,106154.0,6.5,3.5,0.0,93.2,3.8
10003011000,Census Tract 110; New Castle County; Delaware,,,3413,42.7,21.2,123867.0,2.1,4.8,1.2,92.4,9.5
10003011100,Census Tract 111; New Castle County; Delaware,,,2809,54.0,28.8,111136.0,6.2,3.2,2.8,94.7,7.6
10003011201,Census Tract 112.01; New Castle County; Delaware,,,2546,40.2,27.4,125948.0,5.2,1.0,0.7,91.8,24.6
10003011202,Census Tract 112.02; New Castle County; Delaware,,,4046,51.5,26.2,96800.0,3.2,1.4,5.5,89.5,8.2
10003011203,Census Tract 112.03; New Castle County; Delaware,,,4740,37.0,14.5,74216.0,10.6,2.4,11.2,92.3,14.0
10003011204,Census Tract 112.04; New Castle County; Delaware,,,3391,50.8,30.5,98886.0,5.1,0.0,3.0,98.3,7.0
10003011205,Census Tract 112.05; New Castle County; Delaware,,,2142,51.1,30.2,132917.0,6.3,0.5,0.6,98.5,8.1
10003011206,Census Tract 112.06; New Castle County; Delaware,,,4201,48.3,27.7,126087.0,4.2,3.1,0.5,97.2,4.5
10003011300,Census Tract 113; New Castle County; Delaware,,,2251,50.6,32.1,119634.0,2.3,4.1,2.9,83.7,5.6
10003011400,Census Tract 114; New Castle County; Delaware,,,3378,46.4,21.0,150081.0,1.6,3.7,2.6,90.8,6.6
10003011500,Census Tract 115; New Castle County; Delaware,,,3086,39.1,15.8,108295.0,3.0,4.4,0.6,97.5,5.5
10003011600,Census Tract 116; New Castle County; Delaware,,,3295,41.9,20.1,114423.0,2.5,4.5,0.0,98.2,5.9
10003011700,Census Tract 117; New Castle County; Delaware,,,4338,51.4,29.8,191667.0,4.4,1.0,0.0,97.6,14.3
10003011800,Census Tract 118; New Castle County; Delaware,,,4298,55.2,35.9,128343.0,6.1,1.5,4.9,93.8,18.2
10003011900,Census Tract 119; New Castle County; Delaware,,,3118,50.6,25.7,231542.0,12.7,4.6,5.0,97.0,14.4
10003012000,Census Tract 120; New Castle County; Delaware,,,4205,43.6,18.1,76250.0,8.0,5.8,1.8,95.6,18.0
10003012100,Census Tract 121; New Castle County; Delaware,,,3170,41.7,16.0,74417.0,6.3,4.9,0.0,93.9,6.9
10003012200,Census Tract 122; New Castle County; Delaware,,,4654,39.3,10.3,57981.0,10.2,11.9,0.0,89.7,12.8
10003012300,Census Tract 123; New Castle County; Delaware,,,3143,35.3,12.1,70238.0,26.7,15.3,0.0,91.7,25.7
10003012400,Census Tract 124; New Castle County; Delaware,,,4059,36.5,12.7,69576.0,11.4,3.4,4.4,93.3,22.6
10003012500,Census Tract 125; New Castle County; Delaware,,,5243,37.6,11.0,70725.0,9.1,11.8,0.0,92.1,32.0
10003012600,Census Tract 126; New Castle County; Delaware,,,2830,43.2,15.4,90080.0,3.1,2.4,0.0,91.4,5.8
10003012700,Census Tract 127; New Castle County; Delaware,,,4274,40.7,20.8,51951.0,11.6,3.3,1.4,86.5,12.6
10003012900,Census Tract 129; New Castle County; Delaware,,,4692,32.1,12.0,57335.0,19.7,7.8,2.6,88.5,18.7
10003013000,Census Tract 130; New Castle County; Delaware,,,1947,39.4,15.8,91392.0,2.5,2.3,0.0,96.2,10.1
10003013100,Census Tract 131; New Castle County; Delaware,,,2296,44.2,15.7,85985.0,4.1,10.0,0.8,85.6,24.3
10003013200,Census Tract 132; New Castle County; Delaware,,,2855,34.6,11.0,53291.0,25.0,14.3,0.0,89.5,23.7
10003013300,Census Tract 133; New Castle County; Delaware,,,1867,49.9,18.3,79712.0,2.9,5.5,0.5,93.7,16.5
10003013400,Census Tract 134; New Castle County; Delaware,,,2239,42.8,22.2,103950.0,7.5,3.9,0.6,94.0,6.5
10003013501,Census Tract 135.01; New Castle County; Delaware,,,6952,50.2,30.7,143199.0,2.2,3.3,2.2,94.2,9.9
10003013505,Census Tract 135.05; New Castle County; Delaware,,,3828,44.6,19.8,157857.0,2.7,1.4,0.0,96.8,13.7
10003013506,Census Tract 135.06; New Castle County; Delaware,,,4542,53.5,18.2,172303.0,3.1,1.8,0.0,100.0,12.7
10003013507,Census Tract 135.07; New Castle County; Delaware,,,1642,46.4,13.9,121094.0,4.7,3.4,2.5,94.6,14.7
10003013508,Census Tract 135.08; New Castle County; Delaware,,,6063,41.2,21.6,182596.0,1.9,1.6,0.0,98.2,11.7
10003013604,Census Tract 136.04; New Castle County; Delaware,,,4135,44.4,21.6,109625.0,2.0,5.4,1.1,96.6,9.6
10003013607,Census Tract 136.07; New Castle County; Delaware,,,5629,39.2,16.8,81967.0,7.2,4.7,0.3,96.9,18.4
10003013608,Census Tract 136.08; New Castle County; Delaware,,,2166,34.7,12.2,78269.0,13.7,3.8,3.1,89.9,15.4
10003013610,Census Tract 136.10; New Castle County; Delaware,,,5063,46.0,23.4,109675.0,4.9,1.6,0.2,94.3,19.7
10003013611,Census Tract 136.11; New Castle County; Delaware,,,5979,35.1,11.5,91312.0,8.5,1.9,0.0,95.0,4.4
10003013612,Census Tract 136.12; New Castle County; Delaware,,,5541,46.2,20.9,155000.0,0.9,1.3,0.0,98.0,28.0
10003013613,Census Tract 136.13; New Castle County; Delaware,,,5855,44.2,14.8,128871.0,4.1,5.1,0.0,97.4,13.2
10003013614,Census Tract 136.14; New Castle County; Delaware,,,3437,33.5,12.6,80732.0,10.5,6.3,0.5,97.6,27.9
10003013615,Census Tract 136.15; New Castle County; Delaware,,,3851,44.7,23.0,69833.0,4.7,3.8,3.5,84.5,24.0
10003013700,Census Tract 137; New Castle County; Delaware,,,4165,33.8,13.3,76707.0,13.5,10.6,0.0,92.0,29.7
10003013800,Census Tract 138; New Castle County; Delaware,,,6280,37.7,15.2,85639.0,4.4,1.9,0.0,95.4,30.9
10003013901,Census Tract 139.01; New Castle County; Delaware,,,3089,39.6,16.8,66759.0,4.9,9.1,0.6,90.0,28.1
10003013903,Census Tract 139.03; New Castle County; Delaware,,,5359,41.5,11.1,121932.0,4.3,4.0,0.8,97.7,15.4
10003013905,Census Tract 139.05; New Castle County; Delaware,,,3857,32.4,7.8,102614.0,5.2,0.0,0.0,97.5,17.0
10003013906,Census Tract 139.06; New Castle County; Delaware,,,4503,39.2,15.3,107250.0,0.8,1.8,1.8,98.9,25.0
10003014000,Census Tract 140; New Castle County; Delaware,,,4743,36.7,18.2,58264.0,20.9,12.1,3.7,93.6,25.8
10003014100,Census Tract 141; New Castle County; Delaware,,,4857,31.4,14.3,57900.0,13.0,10.1,2.1,97.9,25.2
10003014200,Census Tract 142; New Castle County; Delaware,,,1679,47.4,17.7,75577.0,4.0,4.9,0.0,97.8,11.9
10003014301,Census Tract 143.01; New Castle County; Delaware,,,1675,48.2,31.3,137294.0,0.0,2.1,1.2,96.1,5.1
10003014302,Census Tract 143.02; New Castle County; Delaware,,,5319,20.5,15.8,102292.0,8.9,2.4,5.3,100.0,12.3
10003014402,Census Tract 144.02; New Castle County; Delaware,,,2875,26.4,12.7,77950.0,21.0,4.5,0.5,97.5,11.9
10003014403,Census Tract 144.03; New Castle County; Delaware,,,3748,28.8,14.3,87813.0,18.1,3.3,0.3,97.2,21.5
10003014404,Census Tract 144.04; New Castle County; Delaware,,,4259,29.2,13.7,84107.0,19.8,5.7,2.2,87.4,33.2
10003014501,Census Tract 145.01; New Castle County; Delaware,,,2001,21.6,4.7,22731.0,61.8,4.2,1.9,85.9,13.4
10003014502,Census Tract 145.02; New Castle County; Delaware,,,6842,20.5,3.3,26284.0,63.2,5.4,0.9,92.6,10.0
10003014702,Census Tract 147.02; New Castle County; Delaware,,,1981,32.1,12.3,101810.0,13.2,7.2,0.0,90.3,24.2
10003014703,Census Tract 147.03; New Castle County; Delaware,,,5241,39.8,17.8,63782.0,10.4,13.1,0.5,85.8,26.3
10003014705,Census Tract 147.05; New Castle County; Delaware,,,5216,35.2,13.5,70703.0,11.6,9.2,0.6,91.6,34.5
10003014706,Census Tract 147.06; New Castle County; Delaware,,,3037,35.1,14.3,93203.0,10.7,4.2,1.1,93.6,28.0
10003014803,Census Tract 148.03; New Castle County; Delaware,,,3793,52.6,25.1,80100.0,9.4,1.9,0.0,92.5,20.7
10003014808,Census Tract 148.08; New Castle County; Delaware,,,6446,37.6,14.8,81688.0,3.5,5.8,3.4,91.2,23.9
10003014809,Census Tract 148.09; New Castle County; Delaware,,,8575,44.9,13.7,102833.0,9.1,7.1,0.5,95.1,16.0
10003014810,Census Tract 148.10; New Castle County; Delaware,,,7029,43.2,16.8,103226.0,6.2,1.8,1.7,96.0,13.5
10003014811,Census Tract 148.11; New Castle County; Delaware,,,6859,36.4,8.2,143252.0,3.0,2.5,1.1,98.5,26.3
10003014812,Census Tract 148.12; New Castle County; Delaware,,,4765,37.4,13.5,123526.0,3.8,1.5,0.0,99.5,13.1
10003014813,Census Tract 148.13; New Castle County; Delaware,,,5887,29.9,7.5,91306.0,5.7,12.3,0.8,90.9,23.3
10003014814,Census Tract 148.14; New Castle County; Delaware,,,4072,43.6,13.7,109244.0,3.3,6.5,1.9,97.8,14.5
10003014903,Census Tract 149.03; New Castle County; Delaware,,,8288,33.8,12.0,79003.0,17.0,14.1,0.4,94.2,33.7
10003014904,Census Tract 149.04; New Castle County; Delaware,,,5691,42.2,19.9,82967.0,7.0,2.4,6.3,80.5,15.8
10003014906,Census Tract 149.06; New Castle County; Delaware,,,5314,29.5,6.9,54961.0,18.4,12.9,6.9,94.6,19.8
10003014907,Census Tract 149.07; New Castle County; Delaware,,,4903,36.7,13.4,69632.0,4.2,14.0,0.4,83.1,30.7
10003014908,Census Tract 149.08; New Castle County; Delaware,,,2637,33.1,17.4,34453.0,17.8,2.6,9.1,81.9,9.4
10003014909,Census Tract 149.09; New Castle County; Delaware,,,6481,35.9,12.3,63947.0,8.3,6.7,1.9,91.5,18.6
10003015000,Census Tract 150; New Castle County; Delaware,,,5628,43.7,14.4,77974.0,13.9,7.8,2.8,87.6,18.9
10003015100,Census Tract 151; New Castle County; Delaware,,,3483,40.5,17.3,61417.0,12.0,8.8,2.3,85.5,5.7
10003015200,Census Tract 152; New Castle County; Delaware,,,6158,37.2,12.7,76631.0,8.4,9.5,2.1,84.4,27.9
10003015400,Census Tract 154; New Castle County; Delaware,,,2814,38.7,11.8,56870.0,14.9,4.8,9.6,95.9,16.3
10003015502,Census Tract 155.02; New Castle County; Delaware,,,2449,39.8,15.7,53100.0,22.8,14.7,4.9,80.3,26.0
10003015600,Census Tract 156; New Castle County; Delaware,,,2424,36.6,17.0,62000.0,6.3,9.7,0.5,85.5,19.4
10003015802,Census Tract 158.02; New Castle County; Delaware,,,2432,32.5,8.3,59890.0,5.1,9.0,0.0,89.8,36.9
10003015900,Census Tract 159; New Castle County; Delaware,,,3363,38.4,15.5,69107.0,9.3,6.6,10.4,87.6,9.5
10003016000,Census Tract 160; New Castle County; Delaware,,,2813,34.0,22.8,65234.0,15.8,9.7,0.0,85.3,25.9
10003016100,Census Tract 161; New Castle County; Delaware,,,2105,55.9,26.9,73997.0,4.6,2.2,0.5,92.9,4.1
10003016200,Census Tract 162; New Castle County; Delaware,,,2664,49.4,22.6,98585.0,5.3,5.4,2.2,91.2,8.0
10003016301,Census Tract 163.01; New Castle County; Delaware,,,7042,39.1,16.3,87568.0,8.3,7.3,0.3,92.3,20.1
10003016306,Census Tract 163.06; New Castle County; Delaware,,,4485,45.3,15.9,113212.0,8.7,6.5,0.0,92.8,18.5
10003016307,Census Tract 163.07; New Castle County; Delaware,,,2457,45.6,14.4,108393.0,3.3,5.0,0.0,97.5,21.2
10003016308,Census Tract 163.08; New Castle County; Delaware,,,4169,38.1,7.1,57446.0,13.5,4.7,2.3,89.0,16.1
10003016309,Census Tract 163.09; New Castle County; Delaware,,,3574,41.7,17.6,61659.0,7.8,6.9,0.9,88.1,9.3
10003016401,Census Tract 164.01; New Castle County; Delaware,,,6863,42.6,10.3,126078.0,11.0,8.6,0.0,97.8,16.6
10003016404,Census Tract 164.04; New Castle County; Delaware,,,3109,41.0,16.8,82143.0,7.9,5.2,0.3,90.8,5.3
10003016608,Census Tract 166.08; New Castle County; Delaware,,,7177,44.5,25.3,113051.0,2.9,0.8,2.3,96.3,14.7
10003016609,Census Tract 166.09; New Castle County; Delaware,,,4777,48.1,15.1,181944.0,5.9,7.5,1.1,96.4,4.0
10003016610,Census Tract 166.10; New Castle County; Delaware,,,6890,37.8,26.2,78576.0,10.8,8.1,1.6,95.5,14.0
10003016611,Census Tract 166.11; New Castle County; Delaware,,,8349,38.7,9.4,136369.0,2.3,2.2,0.8,92.0,8.6
10003016612,Census Tract 166.12; New Castle County; Delaware,,,6655,46.3,21.4,162532.0,3.8,1.6,0.9,100.0,12.6
10003016613,Census Tract 166.13; New Castle County; Delaware,,,5682,32.3,23.0,93529.0,4.8,0.0,1.3,93.6,14.3
10003016614,Census Tract 166.14; New Castle County; Delaware,,,6953,36.8,8.3,129176.0,1.0,0.5,0.2,98.7,10.6
10003016805,Census Tract 168.05; New Castle County; Delaware,,,1757,46.8,18.4,101250.0,7.1,7.9,0.0,85.4,0.0
10003016806,Census Tract 168.06; New Castle County; Delaware,,,5508,37.0,8.6,127151.0,5.9,6.0,0.8,96.8,16.0
10003016807,Census Tract 168.07; New Castle County; Delaware,,,1615,39.1,4.8,171250.0,0.0,1.9,0.0,100.0,7.2
10003016808,Census Tract 168.08; New Castle County; Delaware,,,7031,40.6,14.3,126757.0,5.2,2.5,2.6,93.8,9.2
10003016901,Census Tract 169.01; New Castle County; Delaware,,,2278,41.0,19.7,91750.0,8.3,1.5,0.0,81.7,1.5
10003016904,Census Tract 169.04; New Castle County; Delaware,,,3512,39.2,10.5,89063.0,8.5,2.6,0.7,78.4,4.5
10003980100,Census Tract 9801; New Castle County; Delaware,,,0,-666666666.0,-666666666.0,,-666666666.0,-666666666.0,-666666666.0,-666666666.0,-666666666.0
10003990100,Census Tract 9901; New Castle County; Delaware,,,0,-666666666.0,-666666666.0,,-666666666.0,-666666666.0,-666666666.0,-666666666.0,-666666666.0
10005050101,Census Tract 501.01; Sussex County; Delaware,,,4076,47.5,23.8,80203.0,4.7,5.7,0.0,84.8,4.4
10005050103,Census Tract 501.03; Sussex County; Delaware,,,5610,50.2,28.5,87154.0,8.0,2.3,0.2,95.3,5.3
10005050104,Census Tract 501.04; Sussex County; Delaware,,,5014,40.1,23.2,58449.0,15.8,11.7,0.3,83.8,27.0
10005050105,Census Tract 501.05; Sussex County; Delaware,,,5956,37.9,13.8,62438.0,11.3,8.2,0.4,84.4,16.6
10005050200,Census Tract 502; Sussex County; Delaware,,,4051,36.1,10.5,64292.0,14.6,11.3,0.0,85.7,13.2
10005050302,Census Tract 503.02; Sussex County; Delaware,,,5470,39.6,16.7,59074.0,18.5,14.2,0.0,75.6,13.5
10005050303,Census Tract 503.03; Sussex County; Delaware,,,3099,43.2,17.3,62826.0,6.8,13.7,0.0,76.7,11.4
10005050304,Census Tract 503.04; Sussex County; Delaware,,,4513,47.3,28.5,58056.0,16.3,8.1,0.2,87.1,21.4
10005050401,Census Tract 504.01; Sussex County; Delaware,,,3656,43.5,18.5,64909.0,13.4,7.9,0.0,94.3,2.3
10005050403,Census Tract 504.03; Sussex County; Delaware,,,3275,40.5,22.1,62571.0,14.2,5.4,0.4,88.3,12.9
10005050405,Census Tract 504.05; Sussex County; Delaware,,,4917,47.1,22.6,60628.0,9.4,9.9,0.0,87.0,22.8
10005050406,Census Tract 504.06; Sussex County; Delaware,,,4987,40.5,18.9,51842.0,27.8,5.9,0.9,83.2,16.7
10005050407,Census Tract 504.07; Sussex County; Delaware,,,5916,42.2,16.1,50694.0,28.9,5.9,0.0,89.9,12.4
10005050408,Census Tract 504.08; Sussex County; Delaware,,,4388,40.8,22.7,59891.0,13.7,7.5,0.0,86.5,14.3
10005050501,Census Tract 505.01; Sussex County; Delaware,,,4447,38.7,19.7,80515.0,12.0,5.1,0.0,80.5,18.9
10005050503,Census Tract 505.03; Sussex County; Delaware,,,6104,28.8,9.3,45844.0,22.1,30.7,0.2,67.3,68.3
10005050505,Census Tract 505.05; Sussex County; Delaware,,,2608,38.6,17.2,76905.0,0.1,13.8,0.0,88.8,15.3
10005050506,Census Tract 505.06; Sussex County; Delaware,,,3331,42.1,17.7,73011.0,6.5,13.5,1.1,91.3,20.5
10005050601,Census Tract 506.01; Sussex County; Delaware,,,5359,47.4,21.7,78091.0,10.5,8.8,0.0,80.1,12.9
10005050603,Census Tract 506.03; Sussex County; Delaware,,,3124,41.2,24.8,68571.0,5.0,3.4,0.2,87.4,4.2
10005050604,Census Tract 506.04; Sussex County; Delaware,,,4657,43.0,22.3,62688.0,19.7,8.3,0.0,86.0,17.4
10005050701,Census Tract 507.01; Sussex County; Delaware,,,4549,53.4,31.2,73429.0,10.9,9.2,0.0,86.4,12.8
10005050703,Census Tract 507.03; Sussex County; Delaware,,,1889,52.5,27.9,60357.0,13.1,6.5,0.0,84.7,12.1
10005050706,Census Tract 507.06; Sussex County; Delaware,,,1742,64.4,48.0,86250.0,5.5,2.6,0.0,95.3,0.9
10005050707,Census Tract 507.07; Sussex County; Delaware,,,2725,60.7,42.7,66094.0,6.6,9.5,0.0,93.4,3.8
10005050708,Census Tract 507.08; Sussex County; Delaware,,,3470,63.0,45.7,74724.0,11.5,6.7,1.0,91.6,7.4
10005050709,Census Tract 507.09; Sussex County; Delaware,,,1524,67.3,56.8,93625.0,2.5,1.2,0.0,91.1,2.9
10005050710,Census Tract 507.10; Sussex County; Delaware,,,2269,37.5,26.0,58713.0,12.1,10.0,0.0,83.9,5.9
10005050711,Census Tract 507.11; Sussex County; Delaware,,,1097,62.7,43.7,42153.0,9.8,5.4,0.0,86.7,8.8
10005050801,Census Tract 508.01; Sussex County; Delaware,,,4022,47.8,25.8,74167.0,9.2,2.4,0.1,86.5,9.5
10005050804,Census Tract 508.04; Sussex County; Delaware,,,4125,51.1,27.5,101111.0,9.8,3.4,0.0,96.2,11.4
10005050805,Census Tract 508.05; Sussex County; Delaware,,,3595,39.5,22.9,92537.0,9.6,2.2,0.0,92.6,5.5
10005050806,Census Tract 508.06; Sussex County; Delaware,,,4849,59.8,36.1,76168.0,11.5,7.4,0.0,89.5,6.0
10005050807,Census Tract 508.07; Sussex County; Delaware,,,1734,58.8,38.1,54375.0,23.6,10.0,0.0,94.1,15.8
10005050808,Census Tract 508.08; Sussex County; Delaware,,,3913,63.0,43.7,77608.0,7.0,1.6,0.0,92.3,10.4
10005050903,Census Tract 509.03; Sussex County; Delaware,,,1856,67.2,63.7,102862.0,1.8,0.5,0.0,83.8,5.9
10005050904,Census Tract 509.04; Sussex County; Delaware,,,2296,63.2,44.6,69542.0,14.7,3.5,0.0,72.5,2.5
10005050905,Census Tract 509.05; Sussex County; Delaware,,,3783,58.0,35.3,84539.0,5.9,2.1,0.0,93.5,6.7
10005051008,Census Tract 510.08; Sussex County; Delaware,,,4288,63.0,45.1,108201.0,3.0,3.9,0.0,88.9,4.4
10005051009,Census Tract 510.09; Sussex County; Delaware,,,2477,60.7,40.0,157279.0,2.5,5.6,1.1,94.6,5.6
10005051010,Census Tract 510.10; Sussex County; Delaware,,,3033,62.6,44.2,77379.0,11.8,1.2,0.1,91.8,2.4
10005051011,Census Tract 510.11; Sussex County; Delaware,,,3691,59.8,35.7,97188.0,9.0,4.1,0.3,98.0,11.6
10005051012,Census Tract 510.12; Sussex County; Delaware,,,2322,63.8,47.8,83866.0,11.0,4.1,0.0,96.0,0.6
10005051013,Census Tract 510.13; Sussex County; Delaware,,,4117,55.7,33.0,91763.0,6.0,2.8,0.7,94.7,7.4
10005051014,Census Tract 510.14; Sussex County; Delaware,,,2010,64.3,46.1,82543.0,3.9,4.7,0.0,92.4,1.9
10005051015,Census Tract 510.15; Sussex County; Delaware,,,1956,57.4,34.6,112708.0,4.7,3.1,0.0,96.2,7.3
10005051016,Census Tract 510.16; Sussex County; Delaware,,,2170,55.4,33.4,102404.0,8.7,3.2,0.0,98.7,2.2
10005051017,Census Tract 510.17; Sussex County; Delaware,,,3617,61.6,39.3,111250.0,7.2,1.5,0.0,98.7,5.4
10005051101,Census Tract 511.01; Sussex County; Delaware,,,971,64.2,47.4,152414.0,1.0,1.3,3.0,96.0,6.9
10005051102,Census Tract 511.02; Sussex County; Delaware,,,1040,67.1,55.8,112500.0,5.8,2.8,0.8,93.9,5.1
10005051103,Census Tract 511.03; Sussex County; Delaware,,,1153,59.0,38.5,98750.0,10.4,0.3,2.0,92.3,8.2
10005051201,Census Tract 512.01; Sussex County; Delaware,,,1329,63.7,47.1,91500.0,7.6,3.5,0.0,89.6,5.9
10005051202,Census Tract 512.02; Sussex County; Delaware,,,991,69.6,77.1,139375.0,3.6,1.4,1.1,92.2,11.2
10005051203,Census Tract 512.03; Sussex County; Delaware,,,848,64.0,47.3,100833.0,4.0,2.2,1.1,92.7,17.7
10005051204,Census Tract 512.04; Sussex County; Delaware,,,633,69.5,62.7,107361.0,5.4,2.7,0.0,96.8,1.3
10005051205,Census Tract 512.05; Sussex County; Delaware,,,666,68.7,64.9,101071.0,2.3,1.2,0.0,94.9,1.7
10005051302,Census Tract 513.02; Sussex County; Delaware,,,5203,62.6,41.8,88255.0,6.5,2.4,0.2,97.2,4.1
10005051307,Census Tract 513.07; Sussex County; Delaware,,,2957,59.4,42.8,97049.0,20.6,0.1,0.0,88.0,0.9
10005051308,Census Tract 513.08; Sussex County; Delaware,,,3680,60.3,38.9,84674.0,5.6,13.6,0.0,96.2,1.4
10005051309,Census Tract 513.09; Sussex County; Delaware,,,1357,66.6,56.0,58472.0,8.0,1.4,0.0,92.0,0.7
10005051310,Census Tract 513.10; Sussex County; Delaware,,,2039,66.5,54.5,107000.0,3.5,0.4,0.0,95.8,1.3
10005051311,Census Tract 513.11; Sussex County; Delaware,,,1717,61.7,39.8,99922.0,6.8,2.2,0.0,89.4,4.2
10005051312,Census Tract 513.12; Sussex County; Delaware,,,2047,63.3,44.6,76811.0,4.9,2.7,0.0,85.2,3.5
10005051313,Census Tract 513.13; Sussex County; Delaware,,,2718,62.0,45.9,84583.0,11.7,5.2,0.0,92.0,3.6
10005051314,Census Tract 513.14; Sussex County; Delaware,,,2679,63.8,47.3,79594.0,4.9,2.9,0.0,91.3,8.7
10005051400,Census Tract 514; Sussex County; Delaware,,,3500,44.0,24.7,82083.0,5.5,12.1,0.0,86.4,18.9
10005051501,Census Tract 515.01; Sussex County; Delaware,,,2833,46.8,27.7,67917.0,12.8,14.9,0.0,88.1,20.6
10005051502,Census Tract 515.02; Sussex County; Delaware,,,3583,39.5,20.6,89261.0,6.0,6.4,0.0,90.8,3.0
10005051701,Census Tract 517.01; Sussex County; Delaware,,,4383,45.2,17.0,72208.0,6.8,5.4,0.0,84.2,7.5
10005051702,Census Tract 517.02; Sussex County; Delaware,,,6107,39.6,15.3,64091.0,17.4,9.3,0.0,75.1,8.6
10005051801,Census Tract 518.01; Sussex County; Delaware,,,5581,33.7,15.1,42647.0,27.6,5.7,0.6,85.6,15.2
10005051802,Census Tract 518.02; Sussex County; Delaware,,,4393,35.0,17.7,58695.0,25.0,8.3,4.3,89.5,12.4
10005051900,Census Tract 519; Sussex County; Delaware,,,4583,48.7,23.0,54469.0,9.6,6.2,0.0,72.9,4.0
10005980000,Census Tract 9800; Sussex County; Delaware,,,0,-666666666.0,-666666666.0,,-666666666.0,-666666666.0,-666666666.0,-666666666.0,-666666666.0
10005990000,Census Tract 9900; Sussex County; Delaware,,,0,-666666666.0,-666666666.0,,-666666666.0,-666666666.0,-666666666.0,-666666666.0,-666666666.0
