City_Name,State,PLACES_Pct_Any_Disability,PLACES_Pct_Arthritis,PLACES_Pct_BP_Medication,PLACES_Pct_Binge_Drinking,PLACES_Pct_COPD,PLACES_Pct_Cancer_NonSkin,PLACES_Pct_Cholesterol_Screening,PLACES_Pct_Cognitive_Disability,PLACES_Pct_Colorectal_Screening,PLACES_Pct_Coronary_Heart_Disease,PLACES_Pct_Current_Asthma,PLACES_Pct_Current_Smoking,PLACES_Pct_Dental_Visit,PLACES_Pct_Depression,PLACES_Pct_Diabetes,PLACES_Pct_Fair_Poor_Health,PLACES_Pct_Food_Insecurity,PLACES_Pct_Food_Stamps,PLACES_Pct_Frequent_Mental_Distress,PLACES_Pct_Frequent_Physical_Distress,PLACES_Pct_Hearing_Disability,PLACES_Pct_High_Blood_Pressure,PLACES_Pct_High_Cholesterol,PLACES_Pct_Housing_Insecurity,PLACES_Pct_Independent_Living_Disability,PLACES_Pct_Lack_Social_Support,PLACES_Pct_Loneliness,PLACES_Pct_Mammography,PLACES_Pct_Mobility_Disability,PLACES_Pct_Obesity,PLACES_Pct_Physical_Inactivity,PLACES_Pct_Routine_Checkup,PLACES_Pct_Self_Care_Disability,PLACES_Pct_Short_Sleep,PLACES_Pct_Stroke,PLACES_Pct_Teeth_Lost_65Plus,PLACES_Pct_Transportation_Barrier,PLACES_Pct_Uninsured_18_64,PLACES_Pct_Utility_Shutoff_Threat,PLACES_Pct_Vision_Disability
Arden,Delaware,23.4,21.8,53.9,19.2,4.4,8.2,87.4,11.7,63.6,4.4,10.3,9.4,71.4,23.9,7.7,12.2,7.9,6.1,15.6,10.1,4.8,27.3,33.5,7.9,5.8,18.3,30.1,79.2,8.9,29.5,18.3,76.8,2.2,31.8,2.3,11.0,5.5,5.7,5.1,2.9
Ardencroft,Delaware,23.3,21.7,53.4,19.6,4.4,8.3,87.2,11.6,62.4,4.5,10.2,9.6,69.1,24.1,7.6,12.0,7.4,5.6,15.6,10.1,4.9,27.2,33.5,7.3,5.7,18.0,29.8,78.6,8.7,29.1,17.9,76.4,2.2,32.2,2.2,8.5,5.2,5.5,4.7,2.8
Ardentown,Delaware,23.4,21.9,53.1,20.4,4.5,8.3,86.6,11.6,65.3,4.3,10.0,9.8,68.5,23.7,7.6,11.9,7.2,5.4,15.5,10.1,4.8,27.2,33.6,7.1,5.7,18.4,29.7,78.2,8.9,29.0,17.8,75.8,2.2,32.5,2.2,5.9,5.2,5.3,4.7,2.8
Bear,Delaware,30.2,23.0,58.5,14.9,5.8,6.3,85.6,14.9,58.9,5.3,11.0,13.1,59.9,20.8,12.1,19.9,19.6,16.7,17.1,12.7,5.0,34.3,33.9,16.8,8.5,25.7,34.7,79.0,13.8,35.7,28.5,78.1,3.9,38.5,3.3,13.0,10.5,11.5,10.7,5.5
Bellefonte,Delaware,26.2,23.1,54.7,18.7,5.4,8.0,85.8,12.9,63.0,5.0,10.3,11.6,70.4,23.9,9.0,14.6,10.2,8.5,16.3,11.3,5.4,29.7,34.1,9.2,6.8,19.3,30.4,73.5,10.7,31.5,21.3,76.3,2.7,31.7,2.7,8.6,6.6,6.8,6.2,3.6
Bethany Beach,Delaware,19.2,21.1,57.4,19.1,3.8,8.1,89.0,9.3,65.6,4.0,10.0,8.2,75.3,22.4,6.5,9.9,5.5,3.9,13.6,9.0,4.6,26.7,36.2,5.5,4.7,15.7,28.3,84.1,7.0,27.8,15.3,79.5,1.8,28.5,1.9,7.0,3.9,4.5,3.7,2.3
Bethel,Delaware,35.2,27.4,60.4,16.9,9.7,7.4,81.0,18.2,53.7,7.3,11.7,22.2,51.5,25.8,11.9,23.7,20.1,19.8,20.0,16.3,7.8,37.0,38.6,14.7,11.1,22.2,33.1,72.8,15.9,38.3,31.6,77.1,4.9,36.7,3.9,20.9,10.7,11.9,10.8,6.4
Blades,Delaware,30.8,24.2,61.3,15.8,6.6,6.5,84.8,15.3,60.0,5.8,11.3,16.0,58.1,21.4,11.5,20.9,19.4,15.8,17.5,13.9,5.9,35.5,37.1,16.3,8.8,24.7,34.5,80.2,13.6,37.6,29.4,78.8,4.0,37.7,3.4,13.9,10.0,13.9,10.4,5.5
Bowers,Delaware,34.4,26.4,58.5,15.7,7.6,7.8,83.3,16.2,58.4,5.9,12.2,16.0,59.2,25.6,11.4,20.5,14.9,14.0,19.5,14.6,6.7,34.5,35.1,12.9,9.1,21.5,34.7,68.5,14.6,42.8,30.7,78.8,3.7,40.3,3.2,16.0,8.3,9.9,8.1,5.0
Bridgeville,Delaware,30.5,24.7,61.9,15.3,7.0,7.0,84.9,15.0,57.5,6.1,11.3,15.9,59.3,22.0,11.3,20.7,19.2,16.7,17.2,13.9,6.4,35.3,37.5,15.5,9.0,22.7,33.1,76.7,13.6,37.0,28.7,79.4,4.1,36.3,3.3,13.6,10.0,12.5,10.5,5.6
Brookside,Delaware,31.5,24.1,57.3,15.9,6.7,7.0,84.4,15.7,56.1,5.8,10.9,14.5,59.0,23.0,11.9,20.3,18.5,16.1,17.9,13.5,5.8,33.6,34.7,15.4,9.0,23.6,33.5,76.7,14.1,35.4,28.8,76.8,4.0,37.4,3.4,12.7,10.2,11.3,10.1,5.5
Camden,Delaware,30.3,24.5,59.8,14.3,5.7,7.1,86.4,13.7,60.2,4.9,12.4,12.1,64.4,22.9,11.2,17.5,13.4,11.4,17.7,12.5,5.4,34.1,34.1,12.9,7.6,22.7,35.1,75.2,12.7,41.5,27.3,80.9,3.2,40.4,2.9,12.4,7.7,8.3,8.0,4.3
Cheswold,Delaware,38.1,27.2,61.9,12.7,8.2,6.6,83.5,17.8,55.1,6.3,13.5,17.5,50.2,23.6,14.5,25.2,23.3,22.7,20.4,15.8,6.4,39.4,34.8,19.7,11.0,26.4,37.9,72.9,17.8,47.0,36.3,80.8,5.0,45.3,3.9,27.5,12.2,12.1,12.9,6.8
Claymont,Delaware,27.3,22.5,57.3,16.2,5.2,6.9,86.4,13.3,60.3,5.0,10.5,11.7,62.9,21.4,10.5,16.5,14.5,11.8,16.4,11.5,4.9,32.1,33.8,13.1,7.2,23.4,33.1,77.3,11.7,33.4,24.6,77.8,3.1,36.8,2.9,11.2,8.3,8.6,8.4,4.3
Clayton,Delaware,30.4,24.3,59.4,14.9,5.5,6.7,86.3,13.9,62.0,4.7,12.4,12.3,63.6,22.7,11.2,17.5,13.3,11.1,18.0,12.5,5.0,34.3,33.6,13.1,7.5,23.7,35.9,76.6,12.8,42.1,27.7,80.6,3.1,41.6,2.9,13.0,7.6,8.5,7.7,4.3
Dagsboro,Delaware,28.9,24.3,59.7,17.0,6.7,7.1,84.4,14.8,62.1,5.5,11.1,16.3,66.1,23.4,9.6,18.2,14.8,12.2,17.6,13.2,5.9,32.6,37.2,11.9,8.3,22.4,33.5,77.6,12.2,33.8,26.5,78.0,3.3,33.4,3.0,12.9,7.9,10.2,7.6,4.5
Delaware City,Delaware,29.0,23.7,55.4,18.2,6.1,7.6,85.0,14.8,59.4,5.4,10.8,13.8,63.3,24.4,9.8,16.8,13.0,10.9,18.0,12.5,5.6,31.2,34.0,11.8,7.8,22.2,32.9,74.3,12.0,33.5,24.5,76.0,3.1,35.5,2.9,9.9,7.9,8.4,7.6,4.2
Delmar,Delaware,29.5,24.4,61.4,16.0,6.6,6.8,84.9,14.9,57.0,5.5,11.6,16.3,57.7,22.4,10.5,19.1,17.3,14.9,17.6,13.3,5.7,34.7,36.9,14.2,8.7,23.7,34.1,77.1,12.8,35.7,27.3,79.2,3.7,37.3,3.2,17.4,9.1,10.2,9.5,5.0
Dewey Beach,Delaware,20.0,21.6,57.7,19.5,4.0,8.2,88.2,9.5,67.1,4.4,10.0,8.9,72.5,22.1,6.9,10.5,5.9,4.4,13.7,9.3,5.0,27.9,36.5,5.7,4.9,15.7,27.9,80.6,7.4,28.8,15.7,79.1,1.9,29.9,2.1,6.6,4.1,4.5,4.0,2.5
Dover,Delaware,36.2,26.9,62.5,12.6,7.5,6.5,84.8,16.6,58.2,5.9,13.5,15.7,55.2,23.0,14.5,23.6,22.1,21.9,19.6,15.0,5.9,39.4,34.6,19.3,10.4,25.1,36.8,73.2,17.0,47.2,34.3,81.7,4.8,44.8,3.8,19.2,11.8,10.8,13.0,6.5
Dover Base Housing,Delaware,30.8,24.5,59.3,14.9,5.8,6.8,86.0,13.6,59.2,5.5,11.9,11.9,60.4,22.7,12.5,18.3,13.5,11.8,17.3,12.8,5.9,34.8,34.7,12.8,7.6,21.3,33.5,73.3,13.3,42.4,27.7,80.4,3.5,41.6,3.1,12.5,7.9,8.9,8.1,4.8
Edgemoor,Delaware,28.2,23.4,58.4,15.6,5.5,6.9,86.7,13.8,59.5,5.0,11.2,12.1,60.9,21.9,11.0,17.2,15.8,13.8,17.0,11.8,4.8,33.6,33.5,14.3,7.8,23.5,33.4,77.5,12.5,35.4,25.0,78.8,3.4,38.2,3.1,14.2,9.1,8.1,9.6,4.6
Ellendale,Delaware,32.8,25.3,62.2,15.2,7.6,6.4,83.9,16.4,57.9,6.5,11.6,18.2,52.5,22.3,12.6,22.8,22.1,19.7,18.4,14.8,6.5,37.3,37.5,17.4,10.0,24.8,34.6,79.3,15.0,38.8,31.6,79.1,4.6,39.6,3.8,14.3,11.1,13.3,11.8,6.3
Elsmere,Delaware,33.7,24.4,57.0,15.8,7.1,6.9,83.6,17.0,56.3,6.1,10.9,15.5,54.9,23.3,12.4,22.6,21.4,18.4,18.5,14.6,6.2,33.7,34.8,17.7,9.7,24.3,34.3,75.1,15.3,36.9,31.5,76.2,4.4,37.9,3.5,16.9,11.3,14.7,11.2,6.2
Farmington,Delaware,32.6,25.5,57.8,16.3,6.9,7.8,84.3,15.3,55.1,5.7,12.2,14.9,59.9,25.4,10.7,18.6,12.7,11.4,19.1,13.7,6.4,33.9,34.8,11.6,8.3,21.5,34.6,65.3,13.2,41.6,27.9,78.9,3.3,39.5,3.0,14.6,7.5,8.6,7.2,4.3
Felton,Delaware,33.0,25.6,59.5,14.5,6.6,7.1,85.1,15.4,57.9,5.3,12.9,14.0,61.3,24.3,11.8,19.8,15.6,14.1,19.0,13.8,5.7,35.0,34.3,14.2,8.7,23.0,35.8,74.7,14.3,43.1,29.7,80.3,3.7,41.1,3.2,16.0,8.7,9.5,8.8,5.0
Fenwick Island,Delaware,21.9,21.7,56.8,19.9,4.6,8.0,86.9,10.9,67.4,4.5,10.1,10.6,70.2,22.2,6.9,12.0,7.2,5.1,14.4,10.1,5.2,27.8,36.6,6.5,5.5,17.8,29.6,83.0,8.2,28.4,17.4,77.9,2.1,30.6,2.2,8.4,4.7,6.2,4.1,2.8
Frankford,Delaware,29.8,22.7,60.5,15.6,5.7,5.7,85.3,14.4,59.5,5.7,10.5,14.0,54.4,19.5,12.2,20.9,19.5,14.7,16.0,13.3,5.6,34.7,37.3,16.1,8.2,24.2,33.6,79.8,13.3,36.9,29.7,78.6,3.9,38.3,3.4,15.9,9.7,16.2,9.7,5.8
Frederica,Delaware,32.3,25.1,59.6,14.5,6.2,6.9,85.4,14.9,60.6,5.2,12.5,13.4,61.5,23.6,11.8,19.3,15.2,13.4,18.5,13.4,5.6,34.7,34.2,14.0,8.3,23.0,35.5,73.8,13.8,42.9,29.6,80.3,3.5,41.4,3.1,14.1,8.4,9.6,8.6,4.9
Georgetown,Delaware,38.7,25.6,61.4,14.3,9.4,6.2,80.6,19.7,54.3,7.6,11.0,20.7,48.2,21.4,14.9,31.1,32.8,29.2,18.4,18.0,7.7,37.7,39.0,23.9,12.6,25.8,35.2,76.5,19.0,40.7,39.7,77.0,6.6,38.0,4.3,23.7,15.7,26.3,15.5,9.9
Glasgow,Delaware,25.3,21.6,56.7,16.6,4.6,6.9,87.2,12.3,63.4,4.6,10.4,10.5,66.5,21.1,9.7,14.7,12.2,9.5,15.7,10.7,4.6,30.8,33.5,11.5,6.5,22.8,32.7,79.4,10.5,31.7,22.3,78.0,2.7,36.1,2.7,8.4,7.3,7.4,7.2,3.7
Greenville,Delaware,20.7,20.2,54.5,18.1,3.8,8.0,88.2,9.6,63.6,4.3,9.1,7.4,74.1,20.9,7.8,10.9,6.7,4.7,13.2,8.9,4.6,27.0,34.1,6.3,4.8,17.8,28.6,77.4,7.9,26.6,16.8,77.3,1.9,29.9,2.1,5.8,4.6,4.9,4.1,2.6
Greenwood,Delaware,32.7,25.2,60.3,16.2,7.8,6.8,83.0,16.9,55.6,6.0,11.8,18.6,56.9,23.6,10.9,22.1,19.7,16.6,18.7,14.9,6.3,34.5,37.5,15.3,9.9,24.7,35.4,75.2,14.4,36.1,30.3,77.6,4.2,36.8,3.4,15.8,10.0,13.5,9.7,5.7
Harrington,Delaware,33.2,25.9,59.6,14.5,6.7,7.2,85.2,15.5,60.5,5.3,13.0,14.1,60.8,24.6,11.7,19.7,15.5,14.1,19.2,13.9,5.7,34.9,34.3,14.4,8.8,23.0,35.9,73.2,14.3,43.3,29.8,80.4,3.7,41.2,3.2,12.5,8.8,9.4,8.9,5.0
Hartly,Delaware,35.0,24.2,50.4,13.9,7.7,6.6,74.5,17.6,45.7,5.2,12.4,15.9,51.2,25.0,10.5,21.3,16.7,14.5,19.9,14.8,6.0,30.4,31.3,14.1,9.9,22.5,35.2,51.2,14.9,38.7,30.9,70.8,3.8,37.8,3.1,13.8,9.2,12.5,8.0,5.4
Henlopen Acres,Delaware,18.2,20.1,58.2,18.4,3.4,7.9,89.1,8.4,68.4,4.1,9.2,7.3,77.8,20.1,6.8,9.5,5.4,3.5,12.3,8.5,4.7,26.7,36.6,5.2,4.2,16.1,27.8,81.2,6.7,26.2,15.1,79.8,1.7,27.5,1.9,3.2,3.7,4.3,3.4,2.3
Highland Acres,Delaware,31.8,25.4,59.5,14.6,6.5,7.3,85.3,14.5,61.6,5.4,12.3,13.3,65.6,23.9,11.5,18.8,14.2,12.9,18.2,13.3,5.9,34.4,34.6,12.8,8.2,21.8,34.5,72.6,13.6,41.8,28.8,80.3,3.4,39.2,3.1,12.0,8.1,8.7,8.1,4.7
Hockessin,Delaware,20.0,19.5,53.7,18.5,3.5,7.7,88.4,9.5,64.7,3.9,9.1,7.4,74.7,20.9,7.4,10.2,6.3,4.1,13.4,8.6,4.3,25.7,33.7,6.1,4.6,18.6,29.5,79.4,7.4,25.6,16.6,77.1,1.7,30.1,2.0,4.5,4.3,4.9,3.7,2.4
Houston,Delaware,36.8,27.1,58.6,15.0,8.3,7.6,82.9,17.7,53.4,6.3,13.0,17.1,55.8,26.6,12.2,22.6,17.4,16.5,20.7,15.7,7.0,35.3,35.3,15.0,10.2,22.5,35.9,70.9,16.0,44.1,32.8,78.8,4.2,40.8,3.4,19.8,9.6,11.4,9.4,5.7
Kent Acres,Delaware,32.9,25.4,60.2,13.8,6.5,6.8,85.4,15.0,59.6,5.5,12.6,13.7,63.3,23.5,12.6,20.1,16.3,14.8,18.5,13.7,5.9,35.6,34.7,14.6,8.7,23.0,35.4,72.8,14.5,43.1,30.5,80.7,3.8,40.5,3.3,14.4,9.0,9.7,9.2,5.2
Kenton,Delaware,34.8,26.8,58.3,15.1,7.6,7.5,83.8,16.8,59.6,5.8,13.2,15.9,62.7,26.8,11.5,20.5,15.2,14.3,20.5,14.8,6.4,34.4,34.7,13.5,9.5,22.3,35.9,71.2,14.8,42.9,30.6,79.2,3.8,39.6,3.3,17.4,8.6,9.6,8.5,5.0
Laurel,Delaware,34.3,26.1,63.6,13.9,8.1,6.3,84.1,17.3,55.1,6.5,12.5,18.9,50.6,22.3,13.1,24.6,25.5,23.7,19.0,15.4,6.3,38.7,37.4,20.0,11.1,25.9,35.7,77.6,16.3,40.3,33.1,80.1,5.2,40.5,4.0,22.9,12.8,13.8,13.9,7.0
Leipsic,Delaware,34.1,25.7,57.4,15.8,7.4,7.9,83.8,16.1,57.6,6.0,12.0,15.4,58.1,25.2,11.1,20.2,14.5,12.6,19.2,14.5,6.8,33.8,35.1,12.9,8.8,21.6,34.6,54.1,14.0,42.3,30.2,78.5,3.5,39.9,3.1,19.1,8.3,11.5,7.7,4.9
Lewes,Delaware,23.7,22.8,59.0,18.2,5.1,7.8,86.7,11.8,63.7,4.8,10.5,11.8,67.5,22.8,7.9,13.7,9.6,7.8,15.2,10.9,5.3,30.0,36.8,8.3,6.4,18.1,30.0,78.5,9.3,31.1,19.8,79.0,2.5,31.9,2.4,7.4,5.8,6.9,5.6,3.3
Lincoln,Delaware,32.1,25.2,62.2,15.1,7.4,6.3,84.3,16.2,58.1,6.2,11.8,17.9,55.4,22.3,12.2,22.0,21.2,18.9,18.3,14.4,6.0,37.2,37.2,16.8,9.8,25.0,34.9,79.5,14.6,38.4,30.5,79.4,4.4,38.2,3.7,14.8,10.9,12.2,11.3,6.0
Little Creek,Delaware,36.9,26.8,57.8,15.8,8.6,7.7,81.9,17.6,57.1,7.0,12.3,17.9,56.9,26.2,12.6,22.8,16.3,15.7,20.2,15.8,7.9,36.0,35.8,13.6,10.0,21.7,34.5,55.1,15.9,43.8,32.0,78.0,4.3,40.2,3.6,13.7,9.4,11.0,9.0,5.8
Long Neck,Delaware,25.7,23.7,58.7,18.0,5.8,7.7,86.1,13.1,63.6,5.1,11.0,13.9,64.4,24.1,8.3,14.8,10.6,8.5,16.9,11.9,5.7,30.6,36.8,9.2,7.0,19.7,31.6,77.7,10.1,32.3,22.2,78.5,2.7,33.0,2.6,9.8,6.3,7.5,6.1,3.6
Magnolia,Delaware,34.1,26.4,60.1,14.6,7.2,7.4,84.4,15.7,58.5,6.0,12.6,14.9,59.5,24.9,12.4,20.7,16.2,15.8,19.2,14.3,6.5,36.0,34.9,14.3,9.1,21.6,34.5,74.6,14.8,44.4,30.7,80.2,3.9,39.9,3.3,15.1,9.0,9.4,9.5,5.3
Middletown,Delaware,26.2,22.2,57.3,16.4,4.9,6.9,87.1,12.7,61.9,4.8,10.6,10.8,64.1,21.4,10.2,15.6,13.3,10.9,16.0,11.0,4.7,31.6,33.5,12.2,6.9,22.5,32.6,79.0,11.2,32.9,23.2,78.2,3.0,36.5,2.8,11.1,7.8,7.8,7.9,4.0
Milford,Delaware,33.6,25.6,61.8,14.4,7.5,6.8,83.9,16.4,57.9,6.1,12.0,16.8,57.8,22.9,12.5,22.8,21.5,20.0,18.4,14.8,6.3,36.4,36.8,17.3,9.9,23.4,34.5,76.6,15.2,40.6,32.0,79.6,4.5,38.5,3.5,14.1,11.1,13.4,11.6,6.3
Millsboro,Delaware,28.0,24.4,61.0,16.2,6.5,7.3,85.7,14.0,62.5,5.5,11.3,14.7,61.8,23.1,10.1,17.9,15.4,13.7,17.0,12.9,5.9,33.2,37.2,12.5,8.3,20.8,32.1,80.6,12.1,34.5,25.3,79.5,3.5,35.2,3.0,14.3,8.5,9.3,8.7,4.8
Millville,Delaware,24.6,23.3,58.7,18.2,5.4,7.8,86.3,12.4,63.7,4.9,10.7,12.6,70.3,23.6,8.1,14.1,9.8,7.9,16.0,11.4,5.5,30.0,36.9,8.5,6.7,18.5,30.6,81.4,9.7,31.6,21.0,78.6,2.6,30.7,2.5,7.4,5.9,7.2,5.7,3.4
Milton,Delaware,25.2,23.2,59.4,17.7,5.4,7.5,86.4,12.5,62.3,5.0,10.7,12.7,64.3,22.7,8.7,15.0,11.4,9.1,15.9,11.6,5.5,31.0,36.8,10.0,6.9,19.6,31.1,77.4,10.2,32.6,22.1,78.9,2.8,33.5,2.6,9.3,6.6,8.3,6.6,3.7
New Castle,Delaware,26.7,22.3,56.6,17.2,5.0,7.1,86.7,13.3,63.0,4.7,10.7,11.6,66.2,22.1,9.7,15.6,13.2,10.5,16.7,11.3,4.8,31.2,33.3,12.4,7.0,23.1,33.3,80.1,11.1,33.2,23.2,77.5,2.9,36.1,2.8,10.1,7.7,8.1,7.7,3.9
Newark,Delaware,29.1,23.5,57.4,16.3,6.1,7.6,84.8,14.5,59.0,5.4,10.6,12.9,62.0,23.7,10.5,17.7,15.6,14.6,17.3,12.4,5.6,31.9,34.8,12.6,8.4,20.9,31.5,76.4,12.3,33.3,25.3,77.4,3.5,35.5,3.0,11.2,9.4,8.2,9.0,4.9
Newport,Delaware,33.7,23.9,56.7,16.2,6.9,6.7,83.2,16.8,54.5,6.2,10.5,15.5,54.3,22.6,12.8,22.7,21.2,18.0,18.1,14.5,6.3,34.1,34.9,17.5,9.4,24.4,33.9,74.6,15.2,37.2,31.7,75.6,4.4,37.9,3.5,16.9,11.1,15.2,11.0,6.3
North Star,Delaware,19.7,19.6,53.8,18.6,3.4,7.9,88.6,9.4,63.3,3.9,9.2,7.1,73.6,21.2,7.2,10.0,6.0,4.0,13.3,8.5,4.3,25.6,33.7,5.9,4.5,18.0,29.2,80.6,7.3,25.6,16.1,77.3,1.7,30.4,1.9,4.8,4.2,4.6,3.6,2.3
Ocean View,Delaware,24.7,23.3,58.6,17.9,5.5,7.8,86.3,12.4,63.2,5.0,10.7,12.8,65.7,23.9,8.2,14.3,9.9,8.0,16.1,11.5,5.6,30.0,37.0,8.4,6.7,18.4,30.5,81.4,9.7,31.3,21.2,78.7,2.6,32.0,2.5,9.6,5.9,7.1,5.6,3.5
Odessa,Delaware,22.8,21.1,54.3,18.9,4.1,8.0,88.0,11.3,64.9,4.1,10.2,9.0,72.3,22.4,7.5,12.0,8.3,6.0,15.0,9.8,4.5,27.3,33.0,8.5,5.6,19.7,30.9,76.6,8.7,29.4,18.0,77.2,2.1,32.8,2.2,3.9,5.5,6.3,5.1,2.9
Pike Creek,Delaware,21.9,20.4,54.5,17.7,4.0,7.6,87.6,10.7,63.7,4.1,9.5,8.7,72.5,21.6,8.0,11.7,8.0,5.6,14.4,9.5,4.5,26.7,33.9,7.4,5.3,19.7,30.6,79.8,8.4,26.9,18.7,77.0,2.0,31.3,2.2,6.0,5.1,5.7,4.5,2.8
Pike Creek Valley,Delaware,24.3,21.8,55.5,17.4,4.6,7.6,87.1,11.9,61.9,4.6,10.1,10.0,68.2,22.5,8.9,13.5,9.9,7.6,15.5,10.5,4.8,28.8,34.0,9.2,6.2,20.1,31.0,78.3,9.8,29.9,20.8,77.3,2.4,33.5,2.5,6.7,6.2,6.5,5.8,3.3
Port Penn,Delaware,24.2,21.8,53.3,19.5,4.7,8.1,86.8,12.4,65.1,4.4,10.3,10.5,70.9,23.9,7.6,12.9,8.4,6.2,16.0,10.5,4.8,27.4,33.4,8.2,6.0,19.7,31.3,67.1,9.3,29.4,19.2,76.0,2.3,32.5,2.3,8.3,5.6,6.7,5.0,3.0
Rehoboth Beach,Delaware,19.5,20.9,57.4,20.0,3.8,8.1,88.2,9.1,67.4,4.3,9.4,8.6,74.3,21.1,6.8,10.2,5.5,3.9,13.1,9.0,4.9,27.7,36.5,5.4,4.6,15.8,27.5,82.4,7.1,28.4,15.4,78.8,1.8,28.6,2.0,3.9,3.9,4.9,3.7,2.4
Rising Sun-Lebanon,Delaware,29.2,23.4,59.0,14.7,5.2,6.8,86.4,13.2,63.1,4.8,11.9,11.4,66.3,22.1,10.9,16.8,12.5,10.1,17.0,12.0,5.2,33.1,34.0,12.0,7.0,22.9,35.0,75.9,12.0,39.9,26.6,80.5,2.9,39.3,2.8,9.4,7.1,8.5,7.0,4.1
Riverview,Delaware,31.0,24.9,58.3,15.5,6.1,7.6,85.5,14.3,61.7,5.2,12.2,12.9,66.2,24.3,10.6,17.5,12.5,10.7,18.3,13.0,5.8,33.0,34.4,11.8,7.7,21.5,34.5,73.0,12.6,41.0,27.2,79.7,3.1,38.6,2.8,9.0,7.4,8.6,7.2,4.2
Rodney Village,Delaware,36.3,26.7,63.3,12.1,7.2,6.0,85.2,16.2,55.8,5.9,13.3,15.5,53.0,21.8,15.5,24.0,23.3,23.0,19.4,14.8,5.7,40.9,34.5,20.5,10.2,26.2,37.1,71.8,17.3,48.6,35.7,82.3,4.8,46.6,4.0,20.3,12.2,11.0,13.8,6.7
Seaford,Delaware,33.3,25.5,62.8,14.5,7.9,6.4,83.9,16.8,58.0,6.4,12.1,18.4,53.4,22.1,12.6,23.6,23.9,21.6,18.5,15.0,6.2,37.6,37.4,18.6,10.5,25.7,35.5,76.7,15.6,38.7,32.0,79.5,4.9,39.1,3.8,18.5,12.0,13.7,12.6,6.6
Selbyville,Delaware,27.8,22.9,58.9,17.2,5.8,7.0,85.0,13.9,58.6,5.4,10.3,14.2,62.5,21.4,9.6,17.9,14.9,11.0,16.1,12.7,5.9,31.7,37.2,12.6,7.5,22.2,32.6,80.3,11.3,33.8,26.1,77.6,3.2,33.8,2.8,12.1,7.8,13.7,7.5,4.5
Slaughter Beach,Delaware,24.8,22.9,57.9,19.4,5.7,7.8,85.4,12.3,61.3,5.4,10.0,13.4,63.5,22.6,8.3,14.3,9.3,7.2,15.6,11.4,6.0,30.7,37.4,7.8,6.5,19.0,30.2,79.3,9.7,30.8,20.8,77.6,2.6,33.2,2.6,11.7,5.7,7.1,5.2,3.4
Smyrna,Delaware,32.0,25.0,60.4,14.1,6.0,6.7,86.1,14.7,60.4,5.0,12.9,13.2,61.5,22.8,11.8,19.0,15.8,13.9,18.6,13.1,5.2,35.5,33.7,15.1,8.2,24.5,36.6,75.2,13.7,43.4,29.5,81.1,3.5,42.4,3.1,13.3,8.7,9.1,9.2,4.7
South Bethany,Delaware,18.0,20.7,57.2,19.8,3.4,8.3,89.3,8.5,66.2,4.1,9.7,7.3,73.5,21.8,6.3,9.0,4.4,3.1,12.7,8.3,4.6,26.9,36.3,4.5,4.2,14.5,26.9,80.9,6.4,27.3,13.6,79.5,1.6,29.5,1.9,4.5,3.5,3.8,3.3,2.1
St. Georges,Delaware,27.4,22.3,57.2,15.7,5.2,6.7,86.1,13.5,59.2,5.0,10.5,12.3,61.3,21.3,10.7,16.5,14.5,11.7,16.6,11.6,4.9,32.1,34.0,12.8,7.3,24.5,33.8,77.8,11.7,32.4,25.2,77.6,3.1,37.6,2.9,12.8,8.2,8.1,8.1,4.2
Townsend,Delaware,25.2,21.9,56.8,17.2,4.5,6.9,87.5,12.2,64.1,4.6,10.6,10.2,65.6,21.3,9.8,14.4,11.6,9.3,15.7,10.5,4.6,31.5,33.1,11.2,6.5,22.1,32.2,79.7,10.5,32.9,21.3,78.3,2.8,36.9,2.7,9.7,7.2,6.8,7.3,3.7
Viola,Delaware,34.0,26.4,57.7,15.7,7.5,7.9,83.8,16.4,60.3,5.7,12.8,15.7,63.7,27.1,10.8,19.7,13.5,12.4,20.1,14.5,6.5,33.4,35.0,11.9,9.0,21.1,35.0,72.8,14.1,41.9,29.6,78.8,3.5,37.7,3.1,11.8,7.8,9.3,7.4,4.7
Wilmington,Delaware,34.9,25.2,61.2,13.8,7.4,6.0,84.3,17.3,57.4,6.2,11.9,16.5,53.6,21.4,15.1,25.1,28.1,28.0,18.6,14.6,5.3,39.4,34.2,22.6,11.2,26.5,35.1,77.8,17.5,41.0,33.3,79.1,5.7,41.5,4.3,16.8,14.9,12.9,16.5,7.8
Wilmington Manor,Delaware,31.3,23.1,56.3,16.4,6.1,6.7,84.4,15.8,59.4,5.5,10.7,14.0,58.9,22.2,11.4,20.2,18.6,14.7,17.7,13.3,5.5,32.5,34.2,16.0,8.6,25.1,34.7,77.4,13.7,35.2,28.9,76.0,3.7,37.5,3.2,13.0,9.9,13.7,9.5,5.3
Woodside,Delaware,34.4,26.5,57.5,15.9,7.6,7.7,83.4,16.6,58.8,6.0,12.9,15.9,58.9,26.9,11.2,20.1,13.9,12.9,20.2,14.7,6.8,33.8,35.0,12.2,9.1,21.7,35.2,68.8,14.4,42.1,29.6,78.6,3.7,39.4,3.2,16.4,8.1,9.1,7.7,4.9
Woodside East,Delaware,33.7,25.8,60.7,14.1,6.7,7.0,85.1,15.4,57.5,5.5,12.8,14.2,57.2,23.5,12.6,20.7,17.6,16.6,18.8,14.0,5.8,36.1,34.4,15.9,9.0,23.3,35.6,72.8,14.9,44.4,31.0,80.7,3.9,42.2,3.3,23.7,9.7,10.2,10.3,5.4
Wyoming,Delaware,31.0,25.0,59.2,14.8,6.0,7.2,85.9,14.2,61.3,5.1,12.5,12.7,64.4,24.0,11.3,17.9,13.4,11.8,18.3,12.9,5.6,33.9,34.2,12.7,7.9,22.0,34.8,75.8,13.0,41.8,27.6,80.5,3.3,39.6,3.0,12.4,7.8,8.1,7.9,4.4
