Column,Source,Source Key,Geography Level
ALAND20,"ZCTA boundaries (Census cartographic, pygris)",spatial_zcta,ZCTA (ZIP Code Tabulation Area)
AWATER20,"ZCTA boundaries (Census cartographic, pygris)",spatial_zcta,ZCTA (ZIP Code Tabulation Area)
ZCTA,"ZCTA boundaries (Census cartographic, pygris)",spatial_zcta,ZCTA (ZIP Code Tabulation Area)
Land_Area_SqMi,"ZCTA boundaries (Census cartographic, pygris)",spatial_zcta,ZCTA (ZIP Code Tabulation Area)
Water_Area_SqMi,"ZCTA boundaries (Census cartographic, pygris)",spatial_zcta,ZCTA (ZIP Code Tabulation Area)
County_FIPS,"ZCTA boundaries (Census cartographic, pygris)",spatial_zcta,ZCTA (ZIP Code Tabulation Area)
County_Name,"ZCTA boundaries (Census cartographic, pygris)",spatial_zcta,ZCTA (ZIP Code Tabulation Area)
Total_Population,Census ACS 5-Year Data Profile,acs,ZCTA (ZIP Code Tabulation Area)
Median_Age,Census ACS 5-Year Data Profile,acs,ZCTA (ZIP Code Tabulation Area)
Pct_Age_65_Plus,Census ACS 5-Year Data Profile,acs,ZCTA (ZIP Code Tabulation Area)
Median_Household_Income,Census ACS 5-Year Data Profile,acs,ZCTA (ZIP Code Tabulation Area)
Pct_Below_Poverty,Census ACS 5-Year Data Profile,acs,ZCTA (ZIP Code Tabulation Area)
Pct_No_Health_Insurance,Census ACS 5-Year Data Profile,acs,ZCTA (ZIP Code Tabulation Area)
Pct_Commute_Public_Transit,Census ACS 5-Year Data Profile,acs,ZCTA (ZIP Code Tabulation Area)
Pct_Broadband_Internet,Census ACS 5-Year Data Profile,acs,ZCTA (ZIP Code Tabulation Area)
Pct_NonEnglish_Language_Home,Census ACS 5-Year Data Profile,acs,ZCTA (ZIP Code Tabulation Area)
BRFSS_Year,CDC BRFSS state prevalence (2024),brfss_state,ZCTA (ZIP Code Tabulation Area)
BRFSS_Pct_Cigarette_Smoking_Sample_Size,CDC BRFSS state prevalence (2024),brfss_state,ZCTA (ZIP Code Tabulation Area)
BRFSS_Pct_Cigarette_Smoking,CDC BRFSS state prevalence (2024),brfss_state,ZCTA (ZIP Code Tabulation Area)
BRFSS_Pct_Cigarette_Smoking_CI_Low,CDC BRFSS state prevalence (2024),brfss_state,ZCTA (ZIP Code Tabulation Area)
BRFSS_Pct_Cigarette_Smoking_CI_High,CDC BRFSS state prevalence (2024),brfss_state,ZCTA (ZIP Code Tabulation Area)
BRFSS_Pct_Smoke_Every_Day_Sample_Size,CDC BRFSS state prevalence (2024),brfss_state,ZCTA (ZIP Code Tabulation Area)
BRFSS_Pct_Smoke_Every_Day,CDC BRFSS state prevalence (2024),brfss_state,ZCTA (ZIP Code Tabulation Area)
BRFSS_Pct_Smoke_Every_Day_CI_Low,CDC BRFSS state prevalence (2024),brfss_state,ZCTA (ZIP Code Tabulation Area)
BRFSS_Pct_Smoke_Every_Day_CI_High,CDC BRFSS state prevalence (2024),brfss_state,ZCTA (ZIP Code Tabulation Area)
BRFSS_Pct_Ecigarette_Use_Sample_Size,CDC BRFSS state prevalence (2024),brfss_state,ZCTA (ZIP Code Tabulation Area)
BRFSS_Pct_Ecigarette_Use,CDC BRFSS state prevalence (2024),brfss_state,ZCTA (ZIP Code Tabulation Area)
BRFSS_Pct_Ecigarette_Use_CI_Low,CDC BRFSS state prevalence (2024),brfss_state,ZCTA (ZIP Code Tabulation Area)
BRFSS_Pct_Ecigarette_Use_CI_High,CDC BRFSS state prevalence (2024),brfss_state,ZCTA (ZIP Code Tabulation Area)
BRFSS_Pct_Binge_Drinking_Sample_Size,CDC BRFSS state prevalence (2024),brfss_state,ZCTA (ZIP Code Tabulation Area)
BRFSS_Pct_Binge_Drinking,CDC BRFSS state prevalence (2024),brfss_state,ZCTA (ZIP Code Tabulation Area)
BRFSS_Pct_Binge_Drinking_CI_Low,CDC BRFSS state prevalence (2024),brfss_state,ZCTA (ZIP Code Tabulation Area)
BRFSS_Pct_Binge_Drinking_CI_High,CDC BRFSS state prevalence (2024),brfss_state,ZCTA (ZIP Code Tabulation Area)
BRFSS_Pct_Heavy_Drinking_Sample_Size,CDC BRFSS state prevalence (2024),brfss_state,ZCTA (ZIP Code Tabulation Area)
BRFSS_Pct_Heavy_Drinking,CDC BRFSS state prevalence (2024),brfss_state,ZCTA (ZIP Code Tabulation Area)
BRFSS_Pct_Heavy_Drinking_CI_Low,CDC BRFSS state prevalence (2024),brfss_state,ZCTA (ZIP Code Tabulation Area)
BRFSS_Pct_Heavy_Drinking_CI_High,CDC BRFSS state prevalence (2024),brfss_state,ZCTA (ZIP Code Tabulation Area)
BRFSS_Pct_Adult_Obesity_Sample_Size,CDC BRFSS state prevalence (2024),brfss_state,ZCTA (ZIP Code Tabulation Area)
BRFSS_Pct_Adult_Obesity,CDC BRFSS state prevalence (2024),brfss_state,ZCTA (ZIP Code Tabulation Area)
BRFSS_Pct_Adult_Obesity_CI_Low,CDC BRFSS state prevalence (2024),brfss_state,ZCTA (ZIP Code Tabulation Area)
BRFSS_Pct_Adult_Obesity_CI_High,CDC BRFSS state prevalence (2024),brfss_state,ZCTA (ZIP Code Tabulation Area)
BRFSS_Pct_Adult_Overweight_Sample_Size,CDC BRFSS state prevalence (2024),brfss_state,ZCTA (ZIP Code Tabulation Area)
BRFSS_Pct_Adult_Overweight,CDC BRFSS state prevalence (2024),brfss_state,ZCTA (ZIP Code Tabulation Area)
BRFSS_Pct_Adult_Overweight_CI_Low,CDC BRFSS state prevalence (2024),brfss_state,ZCTA (ZIP Code Tabulation Area)
BRFSS_Pct_Adult_Overweight_CI_High,CDC BRFSS state prevalence (2024),brfss_state,ZCTA (ZIP Code Tabulation Area)
BRFSS_Pct_No_Physical_Activity_Sample_Size,CDC BRFSS state prevalence (2024),brfss_state,ZCTA (ZIP Code Tabulation Area)
BRFSS_Pct_No_Physical_Activity,CDC BRFSS state prevalence (2024),brfss_state,ZCTA (ZIP Code Tabulation Area)
BRFSS_Pct_No_Physical_Activity_CI_Low,CDC BRFSS state prevalence (2024),brfss_state,ZCTA (ZIP Code Tabulation Area)
BRFSS_Pct_No_Physical_Activity_CI_High,CDC BRFSS state prevalence (2024),brfss_state,ZCTA (ZIP Code Tabulation Area)
BRFSS_Pct_Arthritis_Sample_Size,CDC BRFSS state prevalence (2024),brfss_state,ZCTA (ZIP Code Tabulation Area)
BRFSS_Pct_Arthritis,CDC BRFSS state prevalence (2024),brfss_state,ZCTA (ZIP Code Tabulation Area)
BRFSS_Pct_Arthritis_CI_Low,CDC BRFSS state prevalence (2024),brfss_state,ZCTA (ZIP Code Tabulation Area)
BRFSS_Pct_Arthritis_CI_High,CDC BRFSS state prevalence (2024),brfss_state,ZCTA (ZIP Code Tabulation Area)
BRFSS_Pct_Current_Asthma_Sample_Size,CDC BRFSS state prevalence (2024),brfss_state,ZCTA (ZIP Code Tabulation Area)
BRFSS_Pct_Current_Asthma,CDC BRFSS state prevalence (2024),brfss_state,ZCTA (ZIP Code Tabulation Area)
BRFSS_Pct_Current_Asthma_CI_Low,CDC BRFSS state prevalence (2024),brfss_state,ZCTA (ZIP Code Tabulation Area)
BRFSS_Pct_Current_Asthma_CI_High,CDC BRFSS state prevalence (2024),brfss_state,ZCTA (ZIP Code Tabulation Area)
BRFSS_Pct_Ever_Asthma_Sample_Size,CDC BRFSS state prevalence (2024),brfss_state,ZCTA (ZIP Code Tabulation Area)
BRFSS_Pct_Ever_Asthma,CDC BRFSS state prevalence (2024),brfss_state,ZCTA (ZIP Code Tabulation Area)
BRFSS_Pct_Ever_Asthma_CI_Low,CDC BRFSS state prevalence (2024),brfss_state,ZCTA (ZIP Code Tabulation Area)
BRFSS_Pct_Ever_Asthma_CI_High,CDC BRFSS state prevalence (2024),brfss_state,ZCTA (ZIP Code Tabulation Area)
BRFSS_Pct_COPD_Sample_Size,CDC BRFSS state prevalence (2024),brfss_state,ZCTA (ZIP Code Tabulation Area)
BRFSS_Pct_COPD,CDC BRFSS state prevalence (2024),brfss_state,ZCTA (ZIP Code Tabulation Area)
BRFSS_Pct_COPD_CI_Low,CDC BRFSS state prevalence (2024),brfss_state,ZCTA (ZIP Code Tabulation Area)
BRFSS_Pct_COPD_CI_High,CDC BRFSS state prevalence (2024),brfss_state,ZCTA (ZIP Code Tabulation Area)
BRFSS_Pct_Coronary_Heart_Disease_Sample_Size,CDC BRFSS state prevalence (2024),brfss_state,ZCTA (ZIP Code Tabulation Area)
BRFSS_Pct_Coronary_Heart_Disease,CDC BRFSS state prevalence (2024),brfss_state,ZCTA (ZIP Code Tabulation Area)
BRFSS_Pct_Coronary_Heart_Disease_CI_Low,CDC BRFSS state prevalence (2024),brfss_state,ZCTA (ZIP Code Tabulation Area)
BRFSS_Pct_Coronary_Heart_Disease_CI_High,CDC BRFSS state prevalence (2024),brfss_state,ZCTA (ZIP Code Tabulation Area)
BRFSS_Pct_Had_Stroke_Sample_Size,CDC BRFSS state prevalence (2024),brfss_state,ZCTA (ZIP Code Tabulation Area)
BRFSS_Pct_Had_Stroke,CDC BRFSS state prevalence (2024),brfss_state,ZCTA (ZIP Code Tabulation Area)
BRFSS_Pct_Had_Stroke_CI_Low,CDC BRFSS state prevalence (2024),brfss_state,ZCTA (ZIP Code Tabulation Area)
BRFSS_Pct_Had_Stroke_CI_High,CDC BRFSS state prevalence (2024),brfss_state,ZCTA (ZIP Code Tabulation Area)
BRFSS_Pct_Diabetes_Sample_Size,CDC BRFSS state prevalence (2024),brfss_state,ZCTA (ZIP Code Tabulation Area)
BRFSS_Pct_Diabetes,CDC BRFSS state prevalence (2024),brfss_state,ZCTA (ZIP Code Tabulation Area)
BRFSS_Pct_Diabetes_CI_Low,CDC BRFSS state prevalence (2024),brfss_state,ZCTA (ZIP Code Tabulation Area)
BRFSS_Pct_Diabetes_CI_High,CDC BRFSS state prevalence (2024),brfss_state,ZCTA (ZIP Code Tabulation Area)
BRFSS_Pct_Kidney_Disease_Sample_Size,CDC BRFSS state prevalence (2024),brfss_state,ZCTA (ZIP Code Tabulation Area)
BRFSS_Pct_Kidney_Disease,CDC BRFSS state prevalence (2024),brfss_state,ZCTA (ZIP Code Tabulation Area)
BRFSS_Pct_Kidney_Disease_CI_Low,CDC BRFSS state prevalence (2024),brfss_state,ZCTA (ZIP Code Tabulation Area)
BRFSS_Pct_Kidney_Disease_CI_High,CDC BRFSS state prevalence (2024),brfss_state,ZCTA (ZIP Code Tabulation Area)
BRFSS_Pct_Depression_Sample_Size,CDC BRFSS state prevalence (2024),brfss_state,ZCTA (ZIP Code Tabulation Area)
BRFSS_Pct_Depression,CDC BRFSS state prevalence (2024),brfss_state,ZCTA (ZIP Code Tabulation Area)
BRFSS_Pct_Depression_CI_Low,CDC BRFSS state prevalence (2024),brfss_state,ZCTA (ZIP Code Tabulation Area)
BRFSS_Pct_Depression_CI_High,CDC BRFSS state prevalence (2024),brfss_state,ZCTA (ZIP Code Tabulation Area)
BRFSS_Pct_Skin_Cancer_Sample_Size,CDC BRFSS state prevalence (2024),brfss_state,ZCTA (ZIP Code Tabulation Area)
BRFSS_Pct_Skin_Cancer,CDC BRFSS state prevalence (2024),brfss_state,ZCTA (ZIP Code Tabulation Area)
BRFSS_Pct_Skin_Cancer_CI_Low,CDC BRFSS state prevalence (2024),brfss_state,ZCTA (ZIP Code Tabulation Area)
BRFSS_Pct_Skin_Cancer_CI_High,CDC BRFSS state prevalence (2024),brfss_state,ZCTA (ZIP Code Tabulation Area)
BRFSS_Pct_Other_Cancer_Sample_Size,CDC BRFSS state prevalence (2024),brfss_state,ZCTA (ZIP Code Tabulation Area)
BRFSS_Pct_Other_Cancer,CDC BRFSS state prevalence (2024),brfss_state,ZCTA (ZIP Code Tabulation Area)
BRFSS_Pct_Other_Cancer_CI_Low,CDC BRFSS state prevalence (2024),brfss_state,ZCTA (ZIP Code Tabulation Area)
BRFSS_Pct_Other_Cancer_CI_High,CDC BRFSS state prevalence (2024),brfss_state,ZCTA (ZIP Code Tabulation Area)
BRFSS_Pct_Fair_Poor_Health_Sample_Size,CDC BRFSS state prevalence (2024),brfss_state,ZCTA (ZIP Code Tabulation Area)
BRFSS_Pct_Fair_Poor_Health,CDC BRFSS state prevalence (2024),brfss_state,ZCTA (ZIP Code Tabulation Area)
BRFSS_Pct_Fair_Poor_Health_CI_Low,CDC BRFSS state prevalence (2024),brfss_state,ZCTA (ZIP Code Tabulation Area)
BRFSS_Pct_Fair_Poor_Health_CI_High,CDC BRFSS state prevalence (2024),brfss_state,ZCTA (ZIP Code Tabulation Area)
BRFSS_Pct_Frequent_Mental_Distress_Sample_Size,CDC BRFSS state prevalence (2024),brfss_state,ZCTA (ZIP Code Tabulation Area)
BRFSS_Pct_Frequent_Mental_Distress,CDC BRFSS state prevalence (2024),brfss_state,ZCTA (ZIP Code Tabulation Area)
BRFSS_Pct_Frequent_Mental_Distress_CI_Low,CDC BRFSS state prevalence (2024),brfss_state,ZCTA (ZIP Code Tabulation Area)
BRFSS_Pct_Frequent_Mental_Distress_CI_High,CDC BRFSS state prevalence (2024),brfss_state,ZCTA (ZIP Code Tabulation Area)
BRFSS_Pct_Frequent_Physical_Distress_Sample_Size,CDC BRFSS state prevalence (2024),brfss_state,ZCTA (ZIP Code Tabulation Area)
BRFSS_Pct_Frequent_Physical_Distress,CDC BRFSS state prevalence (2024),brfss_state,ZCTA (ZIP Code Tabulation Area)
BRFSS_Pct_Frequent_Physical_Distress_CI_Low,CDC BRFSS state prevalence (2024),brfss_state,ZCTA (ZIP Code Tabulation Area)
BRFSS_Pct_Frequent_Physical_Distress_CI_High,CDC BRFSS state prevalence (2024),brfss_state,ZCTA (ZIP Code Tabulation Area)
BRFSS_Pct_Uninsured_Sample_Size,CDC BRFSS state prevalence (2024),brfss_state,ZCTA (ZIP Code Tabulation Area)
BRFSS_Pct_Uninsured,CDC BRFSS state prevalence (2024),brfss_state,ZCTA (ZIP Code Tabulation Area)
BRFSS_Pct_Uninsured_CI_Low,CDC BRFSS state prevalence (2024),brfss_state,ZCTA (ZIP Code Tabulation Area)
BRFSS_Pct_Uninsured_CI_High,CDC BRFSS state prevalence (2024),brfss_state,ZCTA (ZIP Code Tabulation Area)
BRFSS_Pct_Uninsured_18_64_Sample_Size,CDC BRFSS state prevalence (2024),brfss_state,ZCTA (ZIP Code Tabulation Area)
BRFSS_Pct_Uninsured_18_64,CDC BRFSS state prevalence (2024),brfss_state,ZCTA (ZIP Code Tabulation Area)
BRFSS_Pct_Uninsured_18_64_CI_Low,CDC BRFSS state prevalence (2024),brfss_state,ZCTA (ZIP Code Tabulation Area)
BRFSS_Pct_Uninsured_18_64_CI_High,CDC BRFSS state prevalence (2024),brfss_state,ZCTA (ZIP Code Tabulation Area)
BRFSS_Pct_Cost_Barrier_Medical_Care_Sample_Size,CDC BRFSS state prevalence (2024),brfss_state,ZCTA (ZIP Code Tabulation Area)
BRFSS_Pct_Cost_Barrier_Medical_Care,CDC BRFSS state prevalence (2024),brfss_state,ZCTA (ZIP Code Tabulation Area)
BRFSS_Pct_Cost_Barrier_Medical_Care_CI_Low,CDC BRFSS state prevalence (2024),brfss_state,ZCTA (ZIP Code Tabulation Area)
BRFSS_Pct_Cost_Barrier_Medical_Care_CI_High,CDC BRFSS state prevalence (2024),brfss_state,ZCTA (ZIP Code Tabulation Area)
BRFSS_Pct_No_Personal_Doctor_Sample_Size,CDC BRFSS state prevalence (2024),brfss_state,ZCTA (ZIP Code Tabulation Area)
BRFSS_Pct_No_Personal_Doctor,CDC BRFSS state prevalence (2024),brfss_state,ZCTA (ZIP Code Tabulation Area)
BRFSS_Pct_No_Personal_Doctor_CI_Low,CDC BRFSS state prevalence (2024),brfss_state,ZCTA (ZIP Code Tabulation Area)
BRFSS_Pct_No_Personal_Doctor_CI_High,CDC BRFSS state prevalence (2024),brfss_state,ZCTA (ZIP Code Tabulation Area)
BRFSS_Pct_Routine_Checkup_Past_Year_Sample_Size,CDC BRFSS state prevalence (2024),brfss_state,ZCTA (ZIP Code Tabulation Area)
BRFSS_Pct_Routine_Checkup_Past_Year,CDC BRFSS state prevalence (2024),brfss_state,ZCTA (ZIP Code Tabulation Area)
BRFSS_Pct_Routine_Checkup_Past_Year_CI_Low,CDC BRFSS state prevalence (2024),brfss_state,ZCTA (ZIP Code Tabulation Area)
BRFSS_Pct_Routine_Checkup_Past_Year_CI_High,CDC BRFSS state prevalence (2024),brfss_state,ZCTA (ZIP Code Tabulation Area)
BRFSS_Pct_Colorectal_Screening_45_75_Sample_Size,CDC BRFSS state prevalence (2024),brfss_state,ZCTA (ZIP Code Tabulation Area)
BRFSS_Pct_Colorectal_Screening_45_75,CDC BRFSS state prevalence (2024),brfss_state,ZCTA (ZIP Code Tabulation Area)
BRFSS_Pct_Colorectal_Screening_45_75_CI_Low,CDC BRFSS state prevalence (2024),brfss_state,ZCTA (ZIP Code Tabulation Area)
BRFSS_Pct_Colorectal_Screening_45_75_CI_High,CDC BRFSS state prevalence (2024),brfss_state,ZCTA (ZIP Code Tabulation Area)
BRFSS_Pct_Mammography_40_74_Sample_Size,CDC BRFSS state prevalence (2024),brfss_state,ZCTA (ZIP Code Tabulation Area)
BRFSS_Pct_Mammography_40_74,CDC BRFSS state prevalence (2024),brfss_state,ZCTA (ZIP Code Tabulation Area)
BRFSS_Pct_Mammography_40_74_CI_Low,CDC BRFSS state prevalence (2024),brfss_state,ZCTA (ZIP Code Tabulation Area)
BRFSS_Pct_Mammography_40_74_CI_High,CDC BRFSS state prevalence (2024),brfss_state,ZCTA (ZIP Code Tabulation Area)
BRFSS_Pct_Flu_Vaccinated_65_Plus_Sample_Size,CDC BRFSS state prevalence (2024),brfss_state,ZCTA (ZIP Code Tabulation Area)
BRFSS_Pct_Flu_Vaccinated_65_Plus,CDC BRFSS state prevalence (2024),brfss_state,ZCTA (ZIP Code Tabulation Area)
BRFSS_Pct_Flu_Vaccinated_65_Plus_CI_Low,CDC BRFSS state prevalence (2024),brfss_state,ZCTA (ZIP Code Tabulation Area)
BRFSS_Pct_Flu_Vaccinated_65_Plus_CI_High,CDC BRFSS state prevalence (2024),brfss_state,ZCTA (ZIP Code Tabulation Area)
BRFSS_Pct_Pneumonia_Vaccinated_65_Plus_Sample_Size,CDC BRFSS state prevalence (2024),brfss_state,ZCTA (ZIP Code Tabulation Area)
BRFSS_Pct_Pneumonia_Vaccinated_65_Plus,CDC BRFSS state prevalence (2024),brfss_state,ZCTA (ZIP Code Tabulation Area)
BRFSS_Pct_Pneumonia_Vaccinated_65_Plus_CI_Low,CDC BRFSS state prevalence (2024),brfss_state,ZCTA (ZIP Code Tabulation Area)
BRFSS_Pct_Pneumonia_Vaccinated_65_Plus_CI_High,CDC BRFSS state prevalence (2024),brfss_state,ZCTA (ZIP Code Tabulation Area)
BRFSS_Pct_HIV_Tested_Ever_Sample_Size,CDC BRFSS state prevalence (2024),brfss_state,ZCTA (ZIP Code Tabulation Area)
BRFSS_Pct_HIV_Tested_Ever,CDC BRFSS state prevalence (2024),brfss_state,ZCTA (ZIP Code Tabulation Area)
BRFSS_Pct_HIV_Tested_Ever_CI_Low,CDC BRFSS state prevalence (2024),brfss_state,ZCTA (ZIP Code Tabulation Area)
BRFSS_Pct_HIV_Tested_Ever_CI_High,CDC BRFSS state prevalence (2024),brfss_state,ZCTA (ZIP Code Tabulation Area)
BRFSS_Pct_Permanent_Teeth_Removed_Sample_Size,CDC BRFSS state prevalence (2024),brfss_state,ZCTA (ZIP Code Tabulation Area)
BRFSS_Pct_Permanent_Teeth_Removed,CDC BRFSS state prevalence (2024),brfss_state,ZCTA (ZIP Code Tabulation Area)
BRFSS_Pct_Permanent_Teeth_Removed_CI_Low,CDC BRFSS state prevalence (2024),brfss_state,ZCTA (ZIP Code Tabulation Area)
BRFSS_Pct_Permanent_Teeth_Removed_CI_High,CDC BRFSS state prevalence (2024),brfss_state,ZCTA (ZIP Code Tabulation Area)
BRFSS_Pct_All_Teeth_Removed_65_Plus_Sample_Size,CDC BRFSS state prevalence (2024),brfss_state,ZCTA (ZIP Code Tabulation Area)
BRFSS_Pct_All_Teeth_Removed_65_Plus,CDC BRFSS state prevalence (2024),brfss_state,ZCTA (ZIP Code Tabulation Area)
BRFSS_Pct_All_Teeth_Removed_65_Plus_CI_Low,CDC BRFSS state prevalence (2024),brfss_state,ZCTA (ZIP Code Tabulation Area)
BRFSS_Pct_All_Teeth_Removed_65_Plus_CI_High,CDC BRFSS state prevalence (2024),brfss_state,ZCTA (ZIP Code Tabulation Area)
BRFSS_Pct_Walking_Difficulty_Sample_Size,CDC BRFSS state prevalence (2024),brfss_state,ZCTA (ZIP Code Tabulation Area)
BRFSS_Pct_Walking_Difficulty,CDC BRFSS state prevalence (2024),brfss_state,ZCTA (ZIP Code Tabulation Area)
BRFSS_Pct_Walking_Difficulty_CI_Low,CDC BRFSS state prevalence (2024),brfss_state,ZCTA (ZIP Code Tabulation Area)
BRFSS_Pct_Walking_Difficulty_CI_High,CDC BRFSS state prevalence (2024),brfss_state,ZCTA (ZIP Code Tabulation Area)
BRFSS_Pct_Seeing_Difficulty_Sample_Size,CDC BRFSS state prevalence (2024),brfss_state,ZCTA (ZIP Code Tabulation Area)
BRFSS_Pct_Seeing_Difficulty,CDC BRFSS state prevalence (2024),brfss_state,ZCTA (ZIP Code Tabulation Area)
BRFSS_Pct_Seeing_Difficulty_CI_Low,CDC BRFSS state prevalence (2024),brfss_state,ZCTA (ZIP Code Tabulation Area)
BRFSS_Pct_Seeing_Difficulty_CI_High,CDC BRFSS state prevalence (2024),brfss_state,ZCTA (ZIP Code Tabulation Area)
BRFSS_Pct_Cognitive_Difficulty_Sample_Size,CDC BRFSS state prevalence (2024),brfss_state,ZCTA (ZIP Code Tabulation Area)
BRFSS_Pct_Cognitive_Difficulty,CDC BRFSS state prevalence (2024),brfss_state,ZCTA (ZIP Code Tabulation Area)
BRFSS_Pct_Cognitive_Difficulty_CI_Low,CDC BRFSS state prevalence (2024),brfss_state,ZCTA (ZIP Code Tabulation Area)
BRFSS_Pct_Cognitive_Difficulty_CI_High,CDC BRFSS state prevalence (2024),brfss_state,ZCTA (ZIP Code Tabulation Area)
Pct_Poor_Fair_Health,County Health Rankings (CHR),chr_county,ZCTA (ZIP Code Tabulation Area)
Pct_Poor_Fair_Health_LowCI,County Health Rankings (CHR),chr_county,ZCTA (ZIP Code Tabulation Area)
Pct_Poor_Fair_Health_HighCI,County Health Rankings (CHR),chr_county,ZCTA (ZIP Code Tabulation Area)
Pct_Poor_Fair_Health_Quartile,County Health Rankings (CHR),chr_county,ZCTA (ZIP Code Tabulation Area)
Avg_Poor_Physical_Health_Days,County Health Rankings (CHR),chr_county,ZCTA (ZIP Code Tabulation Area)
Avg_Poor_Physical_Health_Days_LowCI,County Health Rankings (CHR),chr_county,ZCTA (ZIP Code Tabulation Area)
Avg_Poor_Physical_Health_Days_HighCI,County Health Rankings (CHR),chr_county,ZCTA (ZIP Code Tabulation Area)
Avg_Poor_Physical_Health_Days_Quartile,County Health Rankings (CHR),chr_county,ZCTA (ZIP Code Tabulation Area)
Avg_Poor_Mental_Health_Days,County Health Rankings (CHR),chr_county,ZCTA (ZIP Code Tabulation Area)
Avg_Poor_Mental_Health_Days_LowCI,County Health Rankings (CHR),chr_county,ZCTA (ZIP Code Tabulation Area)
Avg_Poor_Mental_Health_Days_HighCI,County Health Rankings (CHR),chr_county,ZCTA (ZIP Code Tabulation Area)
Avg_Poor_Mental_Health_Days_Quartile,County Health Rankings (CHR),chr_county,ZCTA (ZIP Code Tabulation Area)
CHR_YPLL_Rate,County Health Rankings (CHR),chr_county,ZCTA (ZIP Code Tabulation Area)
CHR_Premature_Deaths_Count,County Health Rankings (CHR),chr_county,ZCTA (ZIP Code Tabulation Area)
CHR_Pct_Low_Birthweight,County Health Rankings (CHR),chr_county,ZCTA (ZIP Code Tabulation Area)
CHR_Pct_Low_Birthweight_Quartile,County Health Rankings (CHR),chr_county,ZCTA (ZIP Code Tabulation Area)
Pct_Adult_Smoking,County Health Rankings (CHR),chr_county,ZCTA (ZIP Code Tabulation Area)
Pct_Adult_Smoking_LowCI,County Health Rankings (CHR),chr_county,ZCTA (ZIP Code Tabulation Area)
Pct_Adult_Smoking_HighCI,County Health Rankings (CHR),chr_county,ZCTA (ZIP Code Tabulation Area)
Pct_Adult_Smoking_Quartile,County Health Rankings (CHR),chr_county,ZCTA (ZIP Code Tabulation Area)
Pct_Adult_Obesity,County Health Rankings (CHR),chr_county,ZCTA (ZIP Code Tabulation Area)
Pct_Adult_Obesity_LowCI,County Health Rankings (CHR),chr_county,ZCTA (ZIP Code Tabulation Area)
Pct_Adult_Obesity_HighCI,County Health Rankings (CHR),chr_county,ZCTA (ZIP Code Tabulation Area)
Pct_Adult_Obesity_Quartile,County Health Rankings (CHR),chr_county,ZCTA (ZIP Code Tabulation Area)
Pct_Physical_Inactivity,County Health Rankings (CHR),chr_county,ZCTA (ZIP Code Tabulation Area)
Pct_Physical_Inactivity_LowCI,County Health Rankings (CHR),chr_county,ZCTA (ZIP Code Tabulation Area)
Pct_Physical_Inactivity_HighCI,County Health Rankings (CHR),chr_county,ZCTA (ZIP Code Tabulation Area)
Pct_Physical_Inactivity_Quartile,County Health Rankings (CHR),chr_county,ZCTA (ZIP Code Tabulation Area)
Excessive_Drinking_Pct,County Health Rankings (CHR),chr_county,ZCTA (ZIP Code Tabulation Area)
Excessive_Drinking_Pct_LowCI,County Health Rankings (CHR),chr_county,ZCTA (ZIP Code Tabulation Area)
Excessive_Drinking_Pct_HighCI,County Health Rankings (CHR),chr_county,ZCTA (ZIP Code Tabulation Area)
Excessive_Drinking_Pct_Quartile,County Health Rankings (CHR),chr_county,ZCTA (ZIP Code Tabulation Area)
CHR_Food_Environment_Index,County Health Rankings (CHR),chr_county,ZCTA (ZIP Code Tabulation Area)
CHR_Access_Exercise_Opportunities_Pct,County Health Rankings (CHR),chr_county,ZCTA (ZIP Code Tabulation Area)
CHR_Alcohol_Impaired_Driving_Deaths_Pct,County Health Rankings (CHR),chr_county,ZCTA (ZIP Code Tabulation Area)
CHR_STI_Chlamydia_Rate,County Health Rankings (CHR),chr_county,ZCTA (ZIP Code Tabulation Area)
CHR_Teen_Birth_Rate,County Health Rankings (CHR),chr_county,ZCTA (ZIP Code Tabulation Area)
CHR_Uninsured_Pct,County Health Rankings (CHR),chr_county,ZCTA (ZIP Code Tabulation Area)
CHR_Uninsured_Pct_LowCI,County Health Rankings (CHR),chr_county,ZCTA (ZIP Code Tabulation Area)
CHR_Uninsured_Pct_HighCI,County Health Rankings (CHR),chr_county,ZCTA (ZIP Code Tabulation Area)
CHR_Uninsured_Pct_Quartile,County Health Rankings (CHR),chr_county,ZCTA (ZIP Code Tabulation Area)
CHR_PCP_Ratio_Population,County Health Rankings (CHR),chr_county,ZCTA (ZIP Code Tabulation Area)
Dentist_Ratio_Population,County Health Rankings (CHR),chr_county,ZCTA (ZIP Code Tabulation Area)
Mental_Health_Provider_Ratio,County Health Rankings (CHR),chr_county,ZCTA (ZIP Code Tabulation Area)
CHR_Preventable_Hospital_Stays_Rate,County Health Rankings (CHR),chr_county,ZCTA (ZIP Code Tabulation Area)
CHR_Mammography_Screening_Pct,County Health Rankings (CHR),chr_county,ZCTA (ZIP Code Tabulation Area)
CHR_Mammography_Screening_Pct_Quartile,County Health Rankings (CHR),chr_county,ZCTA (ZIP Code Tabulation Area)
CHR_Flu_Vaccination_Pct,County Health Rankings (CHR),chr_county,ZCTA (ZIP Code Tabulation Area)
CHR_Flu_Vaccination_Pct_Quartile,County Health Rankings (CHR),chr_county,ZCTA (ZIP Code Tabulation Area)
CHR_Data_Year,County Health Rankings (CHR),chr_county,ZCTA (ZIP Code Tabulation Area)
Population_Density_SqMi,Derived metrics (density and population counts),metrics,ZCTA (ZIP Code Tabulation Area)
Uninsured_Population_Count,Derived metrics (density and population counts),metrics,ZCTA (ZIP Code Tabulation Area)
Poverty_Population_Count,Derived metrics (density and population counts),metrics,ZCTA (ZIP Code Tabulation Area)
Seniors_65_Plus_Count,Derived metrics (density and population counts),metrics,ZCTA (ZIP Code Tabulation Area)
No_Broadband_Households_Estimate,Derived metrics (density and population counts),metrics,ZCTA (ZIP Code Tabulation Area)
ZIP,derived,derived,ZCTA (ZIP Code Tabulation Area)
State,derived,derived,ZCTA (ZIP Code Tabulation Area)
Latitude,derived,derived,ZCTA (ZIP Code Tabulation Area)
Longitude,derived,derived,ZCTA (ZIP Code Tabulation Area)
