Year,LocationID,LocationName,Geography_Type,County,DataSource,Category,Measure,Short_Question_Text,MeasureId,Data_Value,Low_Confidence_Limit,High_Confidence_Limit,Data_Value_Unit,Data_Value_Type,TotalPop18plus,TotalPopulation,Latitude,Longitude
2023,19901,19901,ZCTA,Kent,BRFSS,Health-Related Social Needs,Food insecurity in the past 12 months among adults,Food Insecurity,FOODINSECU,19.4,17.4,21.9,%,Crude prevalence,28448,36839,39.1815422,-75.4735201
2023,19901,19901,ZCTA,Kent,BRFSS,Health-Related Social Needs,Housing insecurity in the past 12 months among adults,Housing Insecurity,HOUSINSECU,16.1,14.3,18.2,%,Crude prevalence,28448,36839,39.1815422,-75.4735201
2023,19901,19901,ZCTA,Kent,BRFSS,Health-Related Social Needs,Lack of reliable transportation in the past 12 months among adults,Transportation Barriers,LACKTRPT,10.7,9.6,12.0,%,Crude prevalence,28448,36839,39.1815422,-75.4735201
2023,19901,19901,ZCTA,Kent,BRFSS,Health-Related Social Needs,Lack of social and emotional support among adults,Lack of Social/Emotional Support,EMOTIONSPT,23.9,21.1,27.2,%,Crude prevalence,28448,36839,39.1815422,-75.4735201
2023,19901,19901,ZCTA,Kent,BRFSS,Health-Related Social Needs,Loneliness among adults,Loneliness,LONELINESS,36.7,32.9,40.9,%,Crude prevalence,28448,36839,39.1815422,-75.4735201
2023,19901,19901,ZCTA,Kent,BRFSS,Health-Related Social Needs,Received food stamps in the past 12 months among adults,Food Stamps,FOODSTAMP,18.2,16.0,20.8,%,Crude prevalence,28448,36839,39.1815422,-75.4735201
2023,19901,19901,ZCTA,Kent,BRFSS,Health-Related Social Needs,Utility services shut-off threat in the past 12 months among adults,Utility Services Threat,SHUTUTILITY,10.3,9.1,11.8,%,Crude prevalence,28448,36839,39.1815422,-75.4735201
2023,19902,19902,ZCTA,Kent,BRFSS,Health-Related Social Needs,Food insecurity in the past 12 months among adults,Food Insecurity,FOODINSECU,15.0,12.5,17.7,%,Crude prevalence,104,108,39.127656,-75.4669115
2023,19902,19902,ZCTA,Kent,BRFSS,Health-Related Social Needs,Housing insecurity in the past 12 months among adults,Housing Insecurity,HOUSINSECU,11.6,10.0,13.5,%,Crude prevalence,104,108,39.127656,-75.4669115
2023,19902,19902,ZCTA,Kent,BRFSS,Health-Related Social Needs,Lack of reliable transportation in the past 12 months among adults,Transportation Barriers,LACKTRPT,11.4,10.1,13.0,%,Crude prevalence,104,108,39.127656,-75.4669115
2023,19902,19902,ZCTA,Kent,BRFSS,Health-Related Social Needs,Lack of social and emotional support among adults,Lack of Social/Emotional Support,EMOTIONSPT,27.7,24.1,31.9,%,Crude prevalence,104,108,39.127656,-75.4669115
2023,19902,19902,ZCTA,Kent,BRFSS,Health-Related Social Needs,Loneliness among adults,Loneliness,LONELINESS,46.4,41.8,51.1,%,Crude prevalence,104,108,39.127656,-75.4669115
2023,19902,19902,ZCTA,Kent,BRFSS,Health-Related Social Needs,Received food stamps in the past 12 months among adults,Food Stamps,FOODSTAMP,8.0,6.5,9.8,%,Crude prevalence,104,108,39.127656,-75.4669115
2023,19902,19902,ZCTA,Kent,BRFSS,Health-Related Social Needs,Utility services shut-off threat in the past 12 months among adults,Utility Services Threat,SHUTUTILITY,5.8,5.0,6.7,%,Crude prevalence,104,108,39.127656,-75.4669115
2023,19904,19904,ZCTA,Kent,BRFSS,Health-Related Social Needs,Food insecurity in the past 12 months among adults,Food Insecurity,FOODINSECU,17.9,15.9,20.1,%,Crude prevalence,28683,36880,39.1712793,-75.587619
2023,19904,19904,ZCTA,Kent,BRFSS,Health-Related Social Needs,Housing insecurity in the past 12 months among adults,Housing Insecurity,HOUSINSECU,15.2,13.4,17.2,%,Crude prevalence,28683,36880,39.1712793,-75.587619
2023,19904,19904,ZCTA,Kent,BRFSS,Health-Related Social Needs,Lack of reliable transportation in the past 12 months among adults,Transportation Barriers,LACKTRPT,9.8,8.8,11.0,%,Crude prevalence,28683,36880,39.1712793,-75.587619
2023,19904,19904,ZCTA,Kent,BRFSS,Health-Related Social Needs,Lack of social and emotional support among adults,Lack of Social/Emotional Support,EMOTIONSPT,23.5,20.6,26.8,%,Crude prevalence,28683,36880,39.1712793,-75.587619
2023,19904,19904,ZCTA,Kent,BRFSS,Health-Related Social Needs,Loneliness among adults,Loneliness,LONELINESS,35.6,31.8,39.7,%,Crude prevalence,28683,36880,39.1712793,-75.587619
2023,19904,19904,ZCTA,Kent,BRFSS,Health-Related Social Needs,Received food stamps in the past 12 months among adults,Food Stamps,FOODSTAMP,16.9,14.7,19.3,%,Crude prevalence,28683,36880,39.1712793,-75.587619
2023,19904,19904,ZCTA,Kent,BRFSS,Health-Related Social Needs,Utility services shut-off threat in the past 12 months among adults,Utility Services Threat,SHUTUTILITY,9.9,8.7,11.3,%,Crude prevalence,28683,36880,39.1712793,-75.587619
2023,19701,19701,ZCTA,New Castle,BRFSS,Health-Related Social Needs,Food insecurity in the past 12 months among adults,Food Insecurity,FOODINSECU,13.9,12.2,15.6,%,Crude prevalence,33580,42717,39.5838947,-75.6969951
2023,19701,19701,ZCTA,New Castle,BRFSS,Health-Related Social Needs,Housing insecurity in the past 12 months among adults,Housing Insecurity,HOUSINSECU,12.2,10.7,13.7,%,Crude prevalence,33580,42717,39.5838947,-75.6969951
2023,19701,19701,ZCTA,New Castle,BRFSS,Health-Related Social Needs,Lack of reliable transportation in the past 12 months among adults,Transportation Barriers,LACKTRPT,7.8,6.9,8.7,%,Crude prevalence,33580,42717,39.5838947,-75.6969951
2023,19701,19701,ZCTA,New Castle,BRFSS,Health-Related Social Needs,Lack of social and emotional support among adults,Lack of Social/Emotional Support,EMOTIONSPT,23.2,20.2,26.3,%,Crude prevalence,33580,42717,39.5838947,-75.6969951
2023,19701,19701,ZCTA,New Castle,BRFSS,Health-Related Social Needs,Loneliness among adults,Loneliness,LONELINESS,32.4,28.6,36.2,%,Crude prevalence,33580,42717,39.5838947,-75.6969951
2023,19701,19701,ZCTA,New Castle,BRFSS,Health-Related Social Needs,Received food stamps in the past 12 months among adults,Food Stamps,FOODSTAMP,11.2,9.4,12.9,%,Crude prevalence,33580,42717,39.5838947,-75.6969951
2023,19701,19701,ZCTA,New Castle,BRFSS,Health-Related Social Needs,Utility services shut-off threat in the past 12 months among adults,Utility Services Threat,SHUTUTILITY,7.8,6.7,8.8,%,Crude prevalence,33580,42717,39.5838947,-75.6969951
2023,19702,19702,ZCTA,New Castle,BRFSS,Health-Related Social Needs,Food insecurity in the past 12 months among adults,Food Insecurity,FOODINSECU,15.7,14.0,17.6,%,Crude prevalence,42790,55653,39.6181998,-75.7297243
2023,19702,19702,ZCTA,New Castle,BRFSS,Health-Related Social Needs,Housing insecurity in the past 12 months among adults,Housing Insecurity,HOUSINSECU,13.6,12.0,15.3,%,Crude prevalence,42790,55653,39.6181998,-75.7297243
2023,19702,19702,ZCTA,New Castle,BRFSS,Health-Related Social Needs,Lack of reliable transportation in the past 12 months among adults,Transportation Barriers,LACKTRPT,8.7,7.7,9.7,%,Crude prevalence,42790,55653,39.6181998,-75.7297243
2023,19702,19702,ZCTA,New Castle,BRFSS,Health-Related Social Needs,Lack of social and emotional support among adults,Lack of Social/Emotional Support,EMOTIONSPT,24.2,21.2,27.3,%,Crude prevalence,42790,55653,39.6181998,-75.7297243
2023,19702,19702,ZCTA,New Castle,BRFSS,Health-Related Social Needs,Loneliness among adults,Loneliness,LONELINESS,33.5,29.6,37.3,%,Crude prevalence,42790,55653,39.6181998,-75.7297243
2023,19702,19702,ZCTA,New Castle,BRFSS,Health-Related Social Needs,Received food stamps in the past 12 months among adults,Food Stamps,FOODSTAMP,12.8,11.1,14.6,%,Crude prevalence,42790,55653,39.6181998,-75.7297243
2023,19702,19702,ZCTA,New Castle,BRFSS,Health-Related Social Needs,Utility services shut-off threat in the past 12 months among adults,Utility Services Threat,SHUTUTILITY,8.6,7.5,9.7,%,Crude prevalence,42790,55653,39.6181998,-75.7297243
2023,19703,19703,ZCTA,New Castle,BRFSS,Health-Related Social Needs,Food insecurity in the past 12 months among adults,Food Insecurity,FOODINSECU,14.4,12.6,16.3,%,Crude prevalence,12679,16175,39.8015141,-75.4538529
2023,19703,19703,ZCTA,New Castle,BRFSS,Health-Related Social Needs,Housing insecurity in the past 12 months among adults,Housing Insecurity,HOUSINSECU,12.7,11.2,14.5,%,Crude prevalence,12679,16175,39.8015141,-75.4538529
2023,19703,19703,ZCTA,New Castle,BRFSS,Health-Related Social Needs,Lack of reliable transportation in the past 12 months among adults,Transportation Barriers,LACKTRPT,8.1,7.2,9.1,%,Crude prevalence,12679,16175,39.8015141,-75.4538529
2023,19703,19703,ZCTA,New Castle,BRFSS,Health-Related Social Needs,Lack of social and emotional support among adults,Lack of Social/Emotional Support,EMOTIONSPT,23.6,20.8,26.7,%,Crude prevalence,12679,16175,39.8015141,-75.4538529
2023,19703,19703,ZCTA,New Castle,BRFSS,Health-Related Social Needs,Loneliness among adults,Loneliness,LONELINESS,33.0,29.3,37.0,%,Crude prevalence,12679,16175,39.8015141,-75.4538529
2023,19703,19703,ZCTA,New Castle,BRFSS,Health-Related Social Needs,Received food stamps in the past 12 months among adults,Food Stamps,FOODSTAMP,11.6,9.9,13.5,%,Crude prevalence,12679,16175,39.8015141,-75.4538529
2023,19703,19703,ZCTA,New Castle,BRFSS,Health-Related Social Needs,Utility services shut-off threat in the past 12 months among adults,Utility Services Threat,SHUTUTILITY,8.0,7.0,9.1,%,Crude prevalence,12679,16175,39.8015141,-75.4538529
2023,19706,19706,ZCTA,New Castle,BRFSS,Health-Related Social Needs,Food insecurity in the past 12 months among adults,Food Insecurity,FOODINSECU,12.3,10.2,14.7,%,Crude prevalence,1528,1938,39.5749538,-75.5906758
2023,19706,19706,ZCTA,New Castle,BRFSS,Health-Related Social Needs,Housing insecurity in the past 12 months among adults,Housing Insecurity,HOUSINSECU,10.6,8.9,12.5,%,Crude prevalence,1528,1938,39.5749538,-75.5906758
2023,19706,19706,ZCTA,New Castle,BRFSS,Health-Related Social Needs,Lack of reliable transportation in the past 12 months among adults,Transportation Barriers,LACKTRPT,7.4,6.3,8.5,%,Crude prevalence,1528,1938,39.5749538,-75.5906758
2023,19706,19706,ZCTA,New Castle,BRFSS,Health-Related Social Needs,Lack of social and emotional support among adults,Lack of Social/Emotional Support,EMOTIONSPT,21.4,18.2,24.6,%,Crude prevalence,1528,1938,39.5749538,-75.5906758
2023,19706,19706,ZCTA,New Castle,BRFSS,Health-Related Social Needs,Loneliness among adults,Loneliness,LONELINESS,31.6,27.6,35.4,%,Crude prevalence,1528,1938,39.5749538,-75.5906758
2023,19706,19706,ZCTA,New Castle,BRFSS,Health-Related Social Needs,Received food stamps in the past 12 months among adults,Food Stamps,FOODSTAMP,10.3,8.2,12.7,%,Crude prevalence,1528,1938,39.5749538,-75.5906758
2023,19706,19706,ZCTA,New Castle,BRFSS,Health-Related Social Needs,Utility services shut-off threat in the past 12 months among adults,Utility Services Threat,SHUTUTILITY,6.9,5.8,8.1,%,Crude prevalence,1528,1938,39.5749538,-75.5906758
2023,19707,19707,ZCTA,New Castle,BRFSS,Health-Related Social Needs,Food insecurity in the past 12 months among adults,Food Insecurity,FOODINSECU,5.8,4.9,6.8,%,Crude prevalence,13825,17274,39.785594,-75.68364
2023,19707,19707,ZCTA,New Castle,BRFSS,Health-Related Social Needs,Housing insecurity in the past 12 months among adults,Housing Insecurity,HOUSINSECU,5.2,4.4,6.0,%,Crude prevalence,13825,17274,39.785594,-75.68364
2023,19707,19707,ZCTA,New Castle,BRFSS,Health-Related Social Needs,Lack of reliable transportation in the past 12 months among adults,Transportation Barriers,LACKTRPT,3.8,3.3,4.4,%,Crude prevalence,13825,17274,39.785594,-75.68364
2023,19707,19707,ZCTA,New Castle,BRFSS,Health-Related Social Needs,Lack of social and emotional support among adults,Lack of Social/Emotional Support,EMOTIONSPT,17.6,15.1,20.2,%,Crude prevalence,13825,17274,39.785594,-75.68364
2023,19707,19707,ZCTA,New Castle,BRFSS,Health-Related Social Needs,Loneliness among adults,Loneliness,LONELINESS,27.4,23.9,30.9,%,Crude prevalence,13825,17274,39.785594,-75.68364
2023,19707,19707,ZCTA,New Castle,BRFSS,Health-Related Social Needs,Received food stamps in the past 12 months among adults,Food Stamps,FOODSTAMP,3.8,3.1,4.6,%,Crude prevalence,13825,17274,39.785594,-75.68364
2023,19707,19707,ZCTA,New Castle,BRFSS,Health-Related Social Needs,Utility services shut-off threat in the past 12 months among adults,Utility Services Threat,SHUTUTILITY,3.2,2.8,3.8,%,Crude prevalence,13825,17274,39.785594,-75.68364
2023,19709,19709,ZCTA,New Castle,BRFSS,Health-Related Social Needs,Food insecurity in the past 12 months among adults,Food Insecurity,FOODINSECU,10.8,9.4,12.2,%,Crude prevalence,36764,49599,39.4943689,-75.67747
2023,19709,19709,ZCTA,New Castle,BRFSS,Health-Related Social Needs,Housing insecurity in the past 12 months among adults,Housing Insecurity,HOUSINSECU,10.0,8.7,11.3,%,Crude prevalence,36764,49599,39.4943689,-75.67747
2023,19709,19709,ZCTA,New Castle,BRFSS,Health-Related Social Needs,Lack of reliable transportation in the past 12 months among adults,Transportation Barriers,LACKTRPT,6.5,5.8,7.3,%,Crude prevalence,36764,49599,39.4943689,-75.67747
2023,19709,19709,ZCTA,New Castle,BRFSS,Health-Related Social Needs,Lack of social and emotional support among adults,Lack of Social/Emotional Support,EMOTIONSPT,21.0,18.2,23.7,%,Crude prevalence,36764,49599,39.4943689,-75.67747
2023,19709,19709,ZCTA,New Castle,BRFSS,Health-Related Social Needs,Loneliness among adults,Loneliness,LONELINESS,30.9,27.2,34.6,%,Crude prevalence,36764,49599,39.4943689,-75.67747
2023,19709,19709,ZCTA,New Castle,BRFSS,Health-Related Social Needs,Received food stamps in the past 12 months among adults,Food Stamps,FOODSTAMP,8.5,7.2,9.8,%,Crude prevalence,36764,49599,39.4943689,-75.67747
2023,19709,19709,ZCTA,New Castle,BRFSS,Health-Related Social Needs,Utility services shut-off threat in the past 12 months among adults,Utility Services Threat,SHUTUTILITY,6.4,5.6,7.3,%,Crude prevalence,36764,49599,39.4943689,-75.67747
2023,19710,19710,ZCTA,New Castle,BRFSS,Health-Related Social Needs,Food insecurity in the past 12 months among adults,Food Insecurity,FOODINSECU,4.8,3.2,6.8,%,Crude prevalence,93,108,39.789573,-75.5846839
2023,19710,19710,ZCTA,New Castle,BRFSS,Health-Related Social Needs,Housing insecurity in the past 12 months among adults,Housing Insecurity,HOUSINSECU,4.3,3.1,5.8,%,Crude prevalence,93,108,39.789573,-75.5846839
2023,19710,19710,ZCTA,New Castle,BRFSS,Health-Related Social Needs,Lack of reliable transportation in the past 12 months among adults,Transportation Barriers,LACKTRPT,3.4,2.6,4.4,%,Crude prevalence,93,108,39.789573,-75.5846839
2023,19710,19710,ZCTA,New Castle,BRFSS,Health-Related Social Needs,Lack of social and emotional support among adults,Lack of Social/Emotional Support,EMOTIONSPT,14.3,11.8,17.1,%,Crude prevalence,93,108,39.789573,-75.5846839
2023,19710,19710,ZCTA,New Castle,BRFSS,Health-Related Social Needs,Loneliness among adults,Loneliness,LONELINESS,25.3,21.9,29.0,%,Crude prevalence,93,108,39.789573,-75.5846839
2023,19710,19710,ZCTA,New Castle,BRFSS,Health-Related Social Needs,Received food stamps in the past 12 months among adults,Food Stamps,FOODSTAMP,3.5,2.2,5.3,%,Crude prevalence,93,108,39.789573,-75.5846839
2023,19710,19710,ZCTA,New Castle,BRFSS,Health-Related Social Needs,Utility services shut-off threat in the past 12 months among adults,Utility Services Threat,SHUTUTILITY,3.0,2.3,3.9,%,Crude prevalence,93,108,39.789573,-75.5846839
2023,19711,19711,ZCTA,New Castle,BRFSS,Health-Related Social Needs,Food insecurity in the past 12 months among adults,Food Insecurity,FOODINSECU,12.7,11.2,14.4,%,Crude prevalence,40581,48477,39.7137809,-75.7408261
2023,19711,19711,ZCTA,New Castle,BRFSS,Health-Related Social Needs,Housing insecurity in the past 12 months among adults,Housing Insecurity,HOUSINSECU,9.9,8.7,11.4,%,Crude prevalence,40581,48477,39.7137809,-75.7408261
2023,19711,19711,ZCTA,New Castle,BRFSS,Health-Related Social Needs,Lack of reliable transportation in the past 12 months among adults,Transportation Barriers,LACKTRPT,8.1,7.1,9.1,%,Crude prevalence,40581,48477,39.7137809,-75.7408261
2023,19711,19711,ZCTA,New Castle,BRFSS,Health-Related Social Needs,Lack of social and emotional support among adults,Lack of Social/Emotional Support,EMOTIONSPT,20.0,17.4,22.8,%,Crude prevalence,40581,48477,39.7137809,-75.7408261
2023,19711,19711,ZCTA,New Castle,BRFSS,Health-Related Social Needs,Loneliness among adults,Loneliness,LONELINESS,32.0,28.4,35.9,%,Crude prevalence,40581,48477,39.7137809,-75.7408261
2023,19711,19711,ZCTA,New Castle,BRFSS,Health-Related Social Needs,Received food stamps in the past 12 months among adults,Food Stamps,FOODSTAMP,10.7,9.2,12.4,%,Crude prevalence,40581,48477,39.7137809,-75.7408261
2023,19711,19711,ZCTA,New Castle,BRFSS,Health-Related Social Needs,Utility services shut-off threat in the past 12 months among adults,Utility Services Threat,SHUTUTILITY,6.6,5.8,7.6,%,Crude prevalence,40581,48477,39.7137809,-75.7408261
2023,19713,19713,ZCTA,New Castle,BRFSS,Health-Related Social Needs,Food insecurity in the past 12 months among adults,Food Insecurity,FOODINSECU,16.5,14.5,18.4,%,Crude prevalence,25160,31867,39.6707511,-75.7101225
2023,19713,19713,ZCTA,New Castle,BRFSS,Health-Related Social Needs,Housing insecurity in the past 12 months among adults,Housing Insecurity,HOUSINSECU,13.5,11.9,15.3,%,Crude prevalence,25160,31867,39.6707511,-75.7101225
2023,19713,19713,ZCTA,New Castle,BRFSS,Health-Related Social Needs,Lack of reliable transportation in the past 12 months among adults,Transportation Barriers,LACKTRPT,9.0,8.0,10.1,%,Crude prevalence,25160,31867,39.6707511,-75.7101225
2023,19713,19713,ZCTA,New Castle,BRFSS,Health-Related Social Needs,Lack of social and emotional support among adults,Lack of Social/Emotional Support,EMOTIONSPT,23.1,20.1,26.1,%,Crude prevalence,25160,31867,39.6707511,-75.7101225
2023,19713,19713,ZCTA,New Castle,BRFSS,Health-Related Social Needs,Loneliness among adults,Loneliness,LONELINESS,32.9,29.1,36.7,%,Crude prevalence,25160,31867,39.6707511,-75.7101225
2023,19713,19713,ZCTA,New Castle,BRFSS,Health-Related Social Needs,Received food stamps in the past 12 months among adults,Food Stamps,FOODSTAMP,13.9,11.9,15.9,%,Crude prevalence,25160,31867,39.6707511,-75.7101225
2023,19713,19713,ZCTA,New Castle,BRFSS,Health-Related Social Needs,Utility services shut-off threat in the past 12 months among adults,Utility Services Threat,SHUTUTILITY,8.6,7.5,9.8,%,Crude prevalence,25160,31867,39.6707511,-75.7101225
2023,19717,19717,ZCTA,New Castle,BRFSS,Health-Related Social Needs,Food insecurity in the past 12 months among adults,Food Insecurity,FOODINSECU,27.8,22.2,33.0,%,Crude prevalence,6185,6201,39.678689,-75.7499623
2023,19717,19717,ZCTA,New Castle,BRFSS,Health-Related Social Needs,Housing insecurity in the past 12 months among adults,Housing Insecurity,HOUSINSECU,18.7,15.1,21.9,%,Crude prevalence,6185,6201,39.678689,-75.7499623
2023,19717,19717,ZCTA,New Castle,BRFSS,Health-Related Social Needs,Lack of reliable transportation in the past 12 months among adults,Transportation Barriers,LACKTRPT,19.6,16.3,22.5,%,Crude prevalence,6185,6201,39.678689,-75.7499623
2023,19717,19717,ZCTA,New Castle,BRFSS,Health-Related Social Needs,Lack of social and emotional support among adults,Lack of Social/Emotional Support,EMOTIONSPT,25.6,21.7,29.5,%,Crude prevalence,6185,6201,39.678689,-75.7499623
2023,19717,19717,ZCTA,New Castle,BRFSS,Health-Related Social Needs,Loneliness among adults,Loneliness,LONELINESS,46.4,41.3,51.1,%,Crude prevalence,6185,6201,39.678689,-75.7499623
2023,19717,19717,ZCTA,New Castle,BRFSS,Health-Related Social Needs,Received food stamps in the past 12 months among adults,Food Stamps,FOODSTAMP,24.7,18.8,30.0,%,Crude prevalence,6185,6201,39.678689,-75.7499623
2023,19717,19717,ZCTA,New Castle,BRFSS,Health-Related Social Needs,Utility services shut-off threat in the past 12 months among adults,Utility Services Threat,SHUTUTILITY,12.9,10.5,15.1,%,Crude prevalence,6185,6201,39.678689,-75.7499623
2023,19720,19720,ZCTA,New Castle,BRFSS,Health-Related Social Needs,Food insecurity in the past 12 months among adults,Food Insecurity,FOODINSECU,19.8,17.6,22.1,%,Crude prevalence,47558,61043,39.6454667,-75.6044962
2023,19720,19720,ZCTA,New Castle,BRFSS,Health-Related Social Needs,Housing insecurity in the past 12 months among adults,Housing Insecurity,HOUSINSECU,16.8,14.9,18.9,%,Crude prevalence,47558,61043,39.6454667,-75.6044962
2023,19720,19720,ZCTA,New Castle,BRFSS,Health-Related Social Needs,Lack of reliable transportation in the past 12 months among adults,Transportation Barriers,LACKTRPT,10.5,9.4,11.7,%,Crude prevalence,47558,61043,39.6454667,-75.6044962
2023,19720,19720,ZCTA,New Castle,BRFSS,Health-Related Social Needs,Lack of social and emotional support among adults,Lack of Social/Emotional Support,EMOTIONSPT,25.8,22.7,29.1,%,Crude prevalence,47558,61043,39.6454667,-75.6044962
2023,19720,19720,ZCTA,New Castle,BRFSS,Health-Related Social Needs,Loneliness among adults,Loneliness,LONELINESS,34.4,30.7,38.3,%,Crude prevalence,47558,61043,39.6454667,-75.6044962
2023,19720,19720,ZCTA,New Castle,BRFSS,Health-Related Social Needs,Received food stamps in the past 12 months among adults,Food Stamps,FOODSTAMP,17.0,14.8,19.3,%,Crude prevalence,47558,61043,39.6454667,-75.6044962
2023,19720,19720,ZCTA,New Castle,BRFSS,Health-Related Social Needs,Utility services shut-off threat in the past 12 months among adults,Utility Services Threat,SHUTUTILITY,10.7,9.4,12.1,%,Crude prevalence,47558,61043,39.6454667,-75.6044962
2023,19730,19730,ZCTA,New Castle,BRFSS,Health-Related Social Needs,Food insecurity in the past 12 months among adults,Food Insecurity,FOODINSECU,7.3,5.7,9.0,%,Crude prevalence,379,472,39.4549542,-75.6610367
2023,19730,19730,ZCTA,New Castle,BRFSS,Health-Related Social Needs,Housing insecurity in the past 12 months among adults,Housing Insecurity,HOUSINSECU,7.0,5.7,8.4,%,Crude prevalence,379,472,39.4549542,-75.6610367
2023,19730,19730,ZCTA,New Castle,BRFSS,Health-Related Social Needs,Lack of reliable transportation in the past 12 months among adults,Transportation Barriers,LACKTRPT,4.8,4.0,5.6,%,Crude prevalence,379,472,39.4549542,-75.6610367
2023,19730,19730,ZCTA,New Castle,BRFSS,Health-Related Social Needs,Lack of social and emotional support among adults,Lack of Social/Emotional Support,EMOTIONSPT,18.1,15.5,20.9,%,Crude prevalence,379,472,39.4549542,-75.6610367
2023,19730,19730,ZCTA,New Castle,BRFSS,Health-Related Social Needs,Loneliness among adults,Loneliness,LONELINESS,28.7,25.2,32.4,%,Crude prevalence,379,472,39.4549542,-75.6610367
2023,19730,19730,ZCTA,New Castle,BRFSS,Health-Related Social Needs,Received food stamps in the past 12 months among adults,Food Stamps,FOODSTAMP,5.3,3.9,6.7,%,Crude prevalence,379,472,39.4549542,-75.6610367
2023,19730,19730,ZCTA,New Castle,BRFSS,Health-Related Social Needs,Utility services shut-off threat in the past 12 months among adults,Utility Services Threat,SHUTUTILITY,4.3,3.5,5.1,%,Crude prevalence,379,472,39.4549542,-75.6610367
2023,19731,19731,ZCTA,New Castle,BRFSS,Health-Related Social Needs,Food insecurity in the past 12 months among adults,Food Insecurity,FOODINSECU,7.9,6.3,9.7,%,Crude prevalence,276,329,39.5094336,-75.6012906
2023,19731,19731,ZCTA,New Castle,BRFSS,Health-Related Social Needs,Housing insecurity in the past 12 months among adults,Housing Insecurity,HOUSINSECU,7.2,6.0,8.7,%,Crude prevalence,276,329,39.5094336,-75.6012906
2023,19731,19731,ZCTA,New Castle,BRFSS,Health-Related Social Needs,Lack of reliable transportation in the past 12 months among adults,Transportation Barriers,LACKTRPT,5.1,4.3,6.0,%,Crude prevalence,276,329,39.5094336,-75.6012906
2023,19731,19731,ZCTA,New Castle,BRFSS,Health-Related Social Needs,Lack of social and emotional support among adults,Lack of Social/Emotional Support,EMOTIONSPT,19.0,16.2,22.1,%,Crude prevalence,276,329,39.5094336,-75.6012906
2023,19731,19731,ZCTA,New Castle,BRFSS,Health-Related Social Needs,Loneliness among adults,Loneliness,LONELINESS,29.2,25.6,33.0,%,Crude prevalence,276,329,39.5094336,-75.6012906
2023,19731,19731,ZCTA,New Castle,BRFSS,Health-Related Social Needs,Received food stamps in the past 12 months among adults,Food Stamps,FOODSTAMP,5.8,4.4,7.4,%,Crude prevalence,276,329,39.5094336,-75.6012906
2023,19731,19731,ZCTA,New Castle,BRFSS,Health-Related Social Needs,Utility services shut-off threat in the past 12 months among adults,Utility Services Threat,SHUTUTILITY,4.4,3.7,5.2,%,Crude prevalence,276,329,39.5094336,-75.6012906
2023,19732,19732,ZCTA,New Castle,BRFSS,Health-Related Social Needs,Food insecurity in the past 12 months among adults,Food Insecurity,FOODINSECU,4.3,3.1,5.9,%,Crude prevalence,200,223,39.8002958,-75.5745993
2023,19732,19732,ZCTA,New Castle,BRFSS,Health-Related Social Needs,Housing insecurity in the past 12 months among adults,Housing Insecurity,HOUSINSECU,4.2,3.2,5.4,%,Crude prevalence,200,223,39.8002958,-75.5745993
2023,19732,19732,ZCTA,New Castle,BRFSS,Health-Related Social Needs,Lack of reliable transportation in the past 12 months among adults,Transportation Barriers,LACKTRPT,3.4,2.8,4.1,%,Crude prevalence,200,223,39.8002958,-75.5745993
2023,19732,19732,ZCTA,New Castle,BRFSS,Health-Related Social Needs,Lack of social and emotional support among adults,Lack of Social/Emotional Support,EMOTIONSPT,15.2,12.7,18.0,%,Crude prevalence,200,223,39.8002958,-75.5745993
2023,19732,19732,ZCTA,New Castle,BRFSS,Health-Related Social Needs,Loneliness among adults,Loneliness,LONELINESS,25.5,22.1,29.1,%,Crude prevalence,200,223,39.8002958,-75.5745993
2023,19732,19732,ZCTA,New Castle,BRFSS,Health-Related Social Needs,Received food stamps in the past 12 months among adults,Food Stamps,FOODSTAMP,3.1,2.0,4.5,%,Crude prevalence,200,223,39.8002958,-75.5745993
2023,19732,19732,ZCTA,New Castle,BRFSS,Health-Related Social Needs,Utility services shut-off threat in the past 12 months among adults,Utility Services Threat,SHUTUTILITY,2.8,2.3,3.5,%,Crude prevalence,200,223,39.8002958,-75.5745993
2023,19733,19733,ZCTA,New Castle,BRFSS,Health-Related Social Needs,Food insecurity in the past 12 months among adults,Food Insecurity,FOODINSECU,12.6,9.8,15.6,%,Crude prevalence,256,320,39.5590847,-75.6515225
2023,19733,19733,ZCTA,New Castle,BRFSS,Health-Related Social Needs,Housing insecurity in the past 12 months among adults,Housing Insecurity,HOUSINSECU,10.5,8.4,12.6,%,Crude prevalence,256,320,39.5590847,-75.6515225
2023,19733,19733,ZCTA,New Castle,BRFSS,Health-Related Social Needs,Lack of reliable transportation in the past 12 months among adults,Transportation Barriers,LACKTRPT,7.2,5.9,8.5,%,Crude prevalence,256,320,39.5590847,-75.6515225
2023,19733,19733,ZCTA,New Castle,BRFSS,Health-Related Social Needs,Lack of social and emotional support among adults,Lack of Social/Emotional Support,EMOTIONSPT,20.6,17.1,23.8,%,Crude prevalence,256,320,39.5590847,-75.6515225
2023,19733,19733,ZCTA,New Castle,BRFSS,Health-Related Social Needs,Loneliness among adults,Loneliness,LONELINESS,31.3,27.2,35.2,%,Crude prevalence,256,320,39.5590847,-75.6515225
2023,19733,19733,ZCTA,New Castle,BRFSS,Health-Related Social Needs,Received food stamps in the past 12 months among adults,Food Stamps,FOODSTAMP,10.4,7.7,13.3,%,Crude prevalence,256,320,39.5590847,-75.6515225
2023,19733,19733,ZCTA,New Castle,BRFSS,Health-Related Social Needs,Utility services shut-off threat in the past 12 months among adults,Utility Services Threat,SHUTUTILITY,6.8,5.5,8.1,%,Crude prevalence,256,320,39.5590847,-75.6515225
2023,19734,19734,ZCTA,New Castle,BRFSS,Health-Related Social Needs,Food insecurity in the past 12 months among adults,Food Insecurity,FOODINSECU,10.8,9.2,12.4,%,Crude prevalence,10550,14116,39.3816439,-75.6533217
2023,19734,19734,ZCTA,New Castle,BRFSS,Health-Related Social Needs,Housing insecurity in the past 12 months among adults,Housing Insecurity,HOUSINSECU,10.0,8.5,11.4,%,Crude prevalence,10550,14116,39.3816439,-75.6533217
2023,19734,19734,ZCTA,New Castle,BRFSS,Health-Related Social Needs,Lack of reliable transportation in the past 12 months among adults,Transportation Barriers,LACKTRPT,6.6,5.7,7.4,%,Crude prevalence,10550,14116,39.3816439,-75.6533217
2023,19734,19734,ZCTA,New Castle,BRFSS,Health-Related Social Needs,Lack of social and emotional support among adults,Lack of Social/Emotional Support,EMOTIONSPT,21.5,18.6,24.5,%,Crude prevalence,10550,14116,39.3816439,-75.6533217
2023,19734,19734,ZCTA,New Castle,BRFSS,Health-Related Social Needs,Loneliness among adults,Loneliness,LONELINESS,31.4,27.8,35.3,%,Crude prevalence,10550,14116,39.3816439,-75.6533217
2023,19734,19734,ZCTA,New Castle,BRFSS,Health-Related Social Needs,Received food stamps in the past 12 months among adults,Food Stamps,FOODSTAMP,8.5,7.1,10.1,%,Crude prevalence,10550,14116,39.3816439,-75.6533217
2023,19734,19734,ZCTA,New Castle,BRFSS,Health-Related Social Needs,Utility services shut-off threat in the past 12 months among adults,Utility Services Threat,SHUTUTILITY,6.3,5.4,7.2,%,Crude prevalence,10550,14116,39.3816439,-75.6533217
2023,19801,19801,ZCTA,New Castle,BRFSS,Health-Related Social Needs,Food insecurity in the past 12 months among adults,Food Insecurity,FOODINSECU,35.3,32.1,38.8,%,Crude prevalence,12255,16219,39.723588,-75.5412081
2023,19801,19801,ZCTA,New Castle,BRFSS,Health-Related Social Needs,Housing insecurity in the past 12 months among adults,Housing Insecurity,HOUSINSECU,27.4,24.6,30.5,%,Crude prevalence,12255,16219,39.723588,-75.5412081
2023,19801,19801,ZCTA,New Castle,BRFSS,Health-Related Social Needs,Lack of reliable transportation in the past 12 months among adults,Transportation Barriers,LACKTRPT,18.5,16.6,20.5,%,Crude prevalence,12255,16219,39.723588,-75.5412081
2023,19801,19801,ZCTA,New Castle,BRFSS,Health-Related Social Needs,Lack of social and emotional support among adults,Lack of Social/Emotional Support,EMOTIONSPT,29.3,25.9,33.0,%,Crude prevalence,12255,16219,39.723588,-75.5412081
2023,19801,19801,ZCTA,New Castle,BRFSS,Health-Related Social Needs,Loneliness among adults,Loneliness,LONELINESS,37.4,33.5,41.5,%,Crude prevalence,12255,16219,39.723588,-75.5412081
2023,19801,19801,ZCTA,New Castle,BRFSS,Health-Related Social Needs,Received food stamps in the past 12 months among adults,Food Stamps,FOODSTAMP,36.8,33.2,40.7,%,Crude prevalence,12255,16219,39.723588,-75.5412081
2023,19801,19801,ZCTA,New Castle,BRFSS,Health-Related Social Needs,Utility services shut-off threat in the past 12 months among adults,Utility Services Threat,SHUTUTILITY,20.5,18.2,23.0,%,Crude prevalence,12255,16219,39.723588,-75.5412081
2023,19802,19802,ZCTA,New Castle,BRFSS,Health-Related Social Needs,Food insecurity in the past 12 months among adults,Food Insecurity,FOODINSECU,28.9,25.8,31.6,%,Crude prevalence,20206,26189,39.7550415,-75.5264624
2023,19802,19802,ZCTA,New Castle,BRFSS,Health-Related Social Needs,Housing insecurity in the past 12 months among adults,Housing Insecurity,HOUSINSECU,23.2,20.6,25.7,%,Crude prevalence,20206,26189,39.7550415,-75.5264624
2023,19802,19802,ZCTA,New Castle,BRFSS,Health-Related Social Needs,Lack of reliable transportation in the past 12 months among adults,Transportation Barriers,LACKTRPT,15.3,13.6,16.9,%,Crude prevalence,20206,26189,39.7550415,-75.5264624
2023,19802,19802,ZCTA,New Castle,BRFSS,Health-Related Social Needs,Lack of social and emotional support among adults,Lack of Social/Emotional Support,EMOTIONSPT,28.4,25.0,31.8,%,Crude prevalence,20206,26189,39.7550415,-75.5264624
2023,19802,19802,ZCTA,New Castle,BRFSS,Health-Related Social Needs,Loneliness among adults,Loneliness,LONELINESS,35.9,31.9,39.8,%,Crude prevalence,20206,26189,39.7550415,-75.5264624
2023,19802,19802,ZCTA,New Castle,BRFSS,Health-Related Social Needs,Received food stamps in the past 12 months among adults,Food Stamps,FOODSTAMP,28.9,25.6,32.0,%,Crude prevalence,20206,26189,39.7550415,-75.5264624
2023,19802,19802,ZCTA,New Castle,BRFSS,Health-Related Social Needs,Utility services shut-off threat in the past 12 months among adults,Utility Services Threat,SHUTUTILITY,17.0,15.0,19.0,%,Crude prevalence,20206,26189,39.7550415,-75.5264624
2023,19803,19803,ZCTA,New Castle,BRFSS,Health-Related Social Needs,Food insecurity in the past 12 months among adults,Food Insecurity,FOODINSECU,6.7,5.7,7.7,%,Crude prevalence,17562,21886,39.7998719,-75.5422315
2023,19803,19803,ZCTA,New Castle,BRFSS,Health-Related Social Needs,Housing insecurity in the past 12 months among adults,Housing Insecurity,HOUSINSECU,6.0,5.2,6.9,%,Crude prevalence,17562,21886,39.7998719,-75.5422315
2023,19803,19803,ZCTA,New Castle,BRFSS,Health-Related Social Needs,Lack of reliable transportation in the past 12 months among adults,Transportation Barriers,LACKTRPT,4.4,3.9,5.0,%,Crude prevalence,17562,21886,39.7998719,-75.5422315
2023,19803,19803,ZCTA,New Castle,BRFSS,Health-Related Social Needs,Lack of social and emotional support among adults,Lack of Social/Emotional Support,EMOTIONSPT,16.9,14.6,19.3,%,Crude prevalence,17562,21886,39.7998719,-75.5422315
2023,19803,19803,ZCTA,New Castle,BRFSS,Health-Related Social Needs,Loneliness among adults,Loneliness,LONELINESS,27.4,24.0,30.8,%,Crude prevalence,17562,21886,39.7998719,-75.5422315
2023,19803,19803,ZCTA,New Castle,BRFSS,Health-Related Social Needs,Received food stamps in the past 12 months among adults,Food Stamps,FOODSTAMP,5.1,4.2,6.0,%,Crude prevalence,17562,21886,39.7998719,-75.5422315
2023,19803,19803,ZCTA,New Castle,BRFSS,Health-Related Social Needs,Utility services shut-off threat in the past 12 months among adults,Utility Services Threat,SHUTUTILITY,3.9,3.4,4.5,%,Crude prevalence,17562,21886,39.7998719,-75.5422315
2023,19804,19804,ZCTA,New Castle,BRFSS,Health-Related Social Needs,Food insecurity in the past 12 months among adults,Food Insecurity,FOODINSECU,16.4,14.5,18.6,%,Crude prevalence,14502,18292,39.7187601,-75.6218662
2023,19804,19804,ZCTA,New Castle,BRFSS,Health-Related Social Needs,Housing insecurity in the past 12 months among adults,Housing Insecurity,HOUSINSECU,13.8,12.1,15.5,%,Crude prevalence,14502,18292,39.7187601,-75.6218662
2023,19804,19804,ZCTA,New Castle,BRFSS,Health-Related Social Needs,Lack of reliable transportation in the past 12 months among adults,Transportation Barriers,LACKTRPT,9.0,7.9,10.1,%,Crude prevalence,14502,18292,39.7187601,-75.6218662
2023,19804,19804,ZCTA,New Castle,BRFSS,Health-Related Social Needs,Lack of social and emotional support among adults,Lack of Social/Emotional Support,EMOTIONSPT,22.5,19.5,25.6,%,Crude prevalence,14502,18292,39.7187601,-75.6218662
2023,19804,19804,ZCTA,New Castle,BRFSS,Health-Related Social Needs,Loneliness among adults,Loneliness,LONELINESS,32.5,28.6,36.3,%,Crude prevalence,14502,18292,39.7187601,-75.6218662
2023,19804,19804,ZCTA,New Castle,BRFSS,Health-Related Social Needs,Received food stamps in the past 12 months among adults,Food Stamps,FOODSTAMP,13.7,11.7,15.9,%,Crude prevalence,14502,18292,39.7187601,-75.6218662
2023,19804,19804,ZCTA,New Castle,BRFSS,Health-Related Social Needs,Utility services shut-off threat in the past 12 months among adults,Utility Services Threat,SHUTUTILITY,8.6,7.5,9.8,%,Crude prevalence,14502,18292,39.7187601,-75.6218662
2023,19805,19805,ZCTA,New Castle,BRFSS,Health-Related Social Needs,Food insecurity in the past 12 months among adults,Food Insecurity,FOODINSECU,24.8,22.4,27.5,%,Crude prevalence,29744,39985,39.7452101,-75.593712
2023,19805,19805,ZCTA,New Castle,BRFSS,Health-Related Social Needs,Housing insecurity in the past 12 months among adults,Housing Insecurity,HOUSINSECU,20.1,17.9,22.4,%,Crude prevalence,29744,39985,39.7452101,-75.593712
2023,19805,19805,ZCTA,New Castle,BRFSS,Health-Related Social Needs,Lack of reliable transportation in the past 12 months among adults,Transportation Barriers,LACKTRPT,13.0,11.6,14.5,%,Crude prevalence,29744,39985,39.7452101,-75.593712
2023,19805,19805,ZCTA,New Castle,BRFSS,Health-Related Social Needs,Lack of social and emotional support among adults,Lack of Social/Emotional Support,EMOTIONSPT,25.0,21.8,28.2,%,Crude prevalence,29744,39985,39.7452101,-75.593712
2023,19805,19805,ZCTA,New Castle,BRFSS,Health-Related Social Needs,Loneliness among adults,Loneliness,LONELINESS,34.3,30.5,38.4,%,Crude prevalence,29744,39985,39.7452101,-75.593712
2023,19805,19805,ZCTA,New Castle,BRFSS,Health-Related Social Needs,Received food stamps in the past 12 months among adults,Food Stamps,FOODSTAMP,22.9,20.2,25.6,%,Crude prevalence,29744,39985,39.7452101,-75.593712
2023,19805,19805,ZCTA,New Castle,BRFSS,Health-Related Social Needs,Utility services shut-off threat in the past 12 months among adults,Utility Services Threat,SHUTUTILITY,13.5,11.8,15.1,%,Crude prevalence,29744,39985,39.7452101,-75.593712
2023,19806,19806,ZCTA,New Castle,BRFSS,Health-Related Social Needs,Food insecurity in the past 12 months among adults,Food Insecurity,FOODINSECU,9.0,7.6,10.5,%,Crude prevalence,8977,10083,39.7625423,-75.5632982
2023,19806,19806,ZCTA,New Castle,BRFSS,Health-Related Social Needs,Housing insecurity in the past 12 months among adults,Housing Insecurity,HOUSINSECU,7.7,6.5,8.9,%,Crude prevalence,8977,10083,39.7625423,-75.5632982
2023,19806,19806,ZCTA,New Castle,BRFSS,Health-Related Social Needs,Lack of reliable transportation in the past 12 months among adults,Transportation Barriers,LACKTRPT,5.7,5.0,6.5,%,Crude prevalence,8977,10083,39.7625423,-75.5632982
2023,19806,19806,ZCTA,New Castle,BRFSS,Health-Related Social Needs,Lack of social and emotional support among adults,Lack of Social/Emotional Support,EMOTIONSPT,17.3,14.8,19.9,%,Crude prevalence,8977,10083,39.7625423,-75.5632982
2023,19806,19806,ZCTA,New Castle,BRFSS,Health-Related Social Needs,Loneliness among adults,Loneliness,LONELINESS,28.5,24.9,32.2,%,Crude prevalence,8977,10083,39.7625423,-75.5632982
2023,19806,19806,ZCTA,New Castle,BRFSS,Health-Related Social Needs,Received food stamps in the past 12 months among adults,Food Stamps,FOODSTAMP,7.8,6.5,9.2,%,Crude prevalence,8977,10083,39.7625423,-75.5632982
2023,19806,19806,ZCTA,New Castle,BRFSS,Health-Related Social Needs,Utility services shut-off threat in the past 12 months among adults,Utility Services Threat,SHUTUTILITY,5.2,4.5,6.1,%,Crude prevalence,8977,10083,39.7625423,-75.5632982
2023,19807,19807,ZCTA,New Castle,BRFSS,Health-Related Social Needs,Food insecurity in the past 12 months among adults,Food Insecurity,FOODINSECU,5.9,4.9,7.0,%,Crude prevalence,6615,8089,39.7965002,-75.6128401
2023,19807,19807,ZCTA,New Castle,BRFSS,Health-Related Social Needs,Housing insecurity in the past 12 months among adults,Housing Insecurity,HOUSINSECU,5.1,4.3,5.9,%,Crude prevalence,6615,8089,39.7965002,-75.6128401
2023,19807,19807,ZCTA,New Castle,BRFSS,Health-Related Social Needs,Lack of reliable transportation in the past 12 months among adults,Transportation Barriers,LACKTRPT,4.0,3.5,4.6,%,Crude prevalence,6615,8089,39.7965002,-75.6128401
2023,19807,19807,ZCTA,New Castle,BRFSS,Health-Related Social Needs,Lack of social and emotional support among adults,Lack of Social/Emotional Support,EMOTIONSPT,16.0,13.7,18.4,%,Crude prevalence,6615,8089,39.7965002,-75.6128401
2023,19807,19807,ZCTA,New Castle,BRFSS,Health-Related Social Needs,Loneliness among adults,Loneliness,LONELINESS,26.3,23.0,29.8,%,Crude prevalence,6615,8089,39.7965002,-75.6128401
2023,19807,19807,ZCTA,New Castle,BRFSS,Health-Related Social Needs,Received food stamps in the past 12 months among adults,Food Stamps,FOODSTAMP,4.3,3.4,5.3,%,Crude prevalence,6615,8089,39.7965002,-75.6128401
2023,19807,19807,ZCTA,New Castle,BRFSS,Health-Related Social Needs,Utility services shut-off threat in the past 12 months among adults,Utility Services Threat,SHUTUTILITY,3.4,2.9,4.0,%,Crude prevalence,6615,8089,39.7965002,-75.6128401
2023,19808,19808,ZCTA,New Castle,BRFSS,Health-Related Social Needs,Food insecurity in the past 12 months among adults,Food Insecurity,FOODINSECU,10.2,8.9,11.6,%,Crude prevalence,31618,39285,39.7376151,-75.6670572
2023,19808,19808,ZCTA,New Castle,BRFSS,Health-Related Social Needs,Housing insecurity in the past 12 months among adults,Housing Insecurity,HOUSINSECU,8.8,7.7,10.1,%,Crude prevalence,31618,39285,39.7376151,-75.6670572
2023,19808,19808,ZCTA,New Castle,BRFSS,Health-Related Social Needs,Lack of reliable transportation in the past 12 months among adults,Transportation Barriers,LACKTRPT,6.0,5.3,6.7,%,Crude prevalence,31618,39285,39.7376151,-75.6670572
2023,19808,19808,ZCTA,New Castle,BRFSS,Health-Related Social Needs,Lack of social and emotional support among adults,Lack of Social/Emotional Support,EMOTIONSPT,19.9,17.2,22.6,%,Crude prevalence,31618,39285,39.7376151,-75.6670572
2023,19808,19808,ZCTA,New Castle,BRFSS,Health-Related Social Needs,Loneliness among adults,Loneliness,LONELINESS,30.0,26.5,33.7,%,Crude prevalence,31618,39285,39.7376151,-75.6670572
2023,19808,19808,ZCTA,New Castle,BRFSS,Health-Related Social Needs,Received food stamps in the past 12 months among adults,Food Stamps,FOODSTAMP,7.7,6.5,8.9,%,Crude prevalence,31618,39285,39.7376151,-75.6670572
2023,19808,19808,ZCTA,New Castle,BRFSS,Health-Related Social Needs,Utility services shut-off threat in the past 12 months among adults,Utility Services Threat,SHUTUTILITY,5.4,4.6,6.1,%,Crude prevalence,31618,39285,39.7376151,-75.6670572
2023,19809,19809,ZCTA,New Castle,BRFSS,Health-Related Social Needs,Food insecurity in the past 12 months among adults,Food Insecurity,FOODINSECU,11.7,10.2,13.3,%,Crude prevalence,11773,14658,39.7566739,-75.5010351
2023,19809,19809,ZCTA,New Castle,BRFSS,Health-Related Social Needs,Housing insecurity in the past 12 months among adults,Housing Insecurity,HOUSINSECU,10.3,9.0,11.8,%,Crude prevalence,11773,14658,39.7566739,-75.5010351
2023,19809,19809,ZCTA,New Castle,BRFSS,Health-Related Social Needs,Lack of reliable transportation in the past 12 months among adults,Transportation Barriers,LACKTRPT,6.9,6.1,7.8,%,Crude prevalence,11773,14658,39.7566739,-75.5010351
2023,19809,19809,ZCTA,New Castle,BRFSS,Health-Related Social Needs,Lack of social and emotional support among adults,Lack of Social/Emotional Support,EMOTIONSPT,20.3,17.6,23.2,%,Crude prevalence,11773,14658,39.7566739,-75.5010351
2023,19809,19809,ZCTA,New Castle,BRFSS,Health-Related Social Needs,Loneliness among adults,Loneliness,LONELINESS,30.3,26.6,34.0,%,Crude prevalence,11773,14658,39.7566739,-75.5010351
2023,19809,19809,ZCTA,New Castle,BRFSS,Health-Related Social Needs,Received food stamps in the past 12 months among adults,Food Stamps,FOODSTAMP,9.9,8.3,11.6,%,Crude prevalence,11773,14658,39.7566739,-75.5010351
2023,19809,19809,ZCTA,New Castle,BRFSS,Health-Related Social Needs,Utility services shut-off threat in the past 12 months among adults,Utility Services Threat,SHUTUTILITY,6.9,6.0,7.9,%,Crude prevalence,11773,14658,39.7566739,-75.5010351
2023,19810,19810,ZCTA,New Castle,BRFSS,Health-Related Social Needs,Food insecurity in the past 12 months among adults,Food Insecurity,FOODINSECU,8.5,7.3,9.7,%,Crude prevalence,20500,25270,39.818682,-75.5061826
2023,19810,19810,ZCTA,New Castle,BRFSS,Health-Related Social Needs,Housing insecurity in the past 12 months among adults,Housing Insecurity,HOUSINSECU,7.3,6.3,8.4,%,Crude prevalence,20500,25270,39.818682,-75.5061826
2023,19810,19810,ZCTA,New Castle,BRFSS,Health-Related Social Needs,Lack of reliable transportation in the past 12 months among adults,Transportation Barriers,LACKTRPT,5.2,4.6,5.9,%,Crude prevalence,20500,25270,39.818682,-75.5061826
2023,19810,19810,ZCTA,New Castle,BRFSS,Health-Related Social Needs,Lack of social and emotional support among adults,Lack of Social/Emotional Support,EMOTIONSPT,18.8,16.1,21.5,%,Crude prevalence,20500,25270,39.818682,-75.5061826
2023,19810,19810,ZCTA,New Castle,BRFSS,Health-Related Social Needs,Loneliness among adults,Loneliness,LONELINESS,28.7,25.3,32.4,%,Crude prevalence,20500,25270,39.818682,-75.5061826
2023,19810,19810,ZCTA,New Castle,BRFSS,Health-Related Social Needs,Received food stamps in the past 12 months among adults,Food Stamps,FOODSTAMP,6.5,5.4,7.8,%,Crude prevalence,20500,25270,39.818682,-75.5061826
2023,19810,19810,ZCTA,New Castle,BRFSS,Health-Related Social Needs,Utility services shut-off threat in the past 12 months among adults,Utility Services Threat,SHUTUTILITY,4.7,4.1,5.5,%,Crude prevalence,20500,25270,39.818682,-75.5061826
2023,19930,19930,ZCTA,Sussex,BRFSS,Health-Related Social Needs,Food insecurity in the past 12 months among adults,Food Insecurity,FOODINSECU,4.1,3.4,4.9,%,Crude prevalence,2503,2657,38.5528625,-75.069397
2023,19930,19930,ZCTA,Sussex,BRFSS,Health-Related Social Needs,Housing insecurity in the past 12 months among adults,Housing Insecurity,HOUSINSECU,3.2,2.7,3.8,%,Crude prevalence,2503,2657,38.5528625,-75.069397
2023,19930,19930,ZCTA,Sussex,BRFSS,Health-Related Social Needs,Lack of reliable transportation in the past 12 months among adults,Transportation Barriers,LACKTRPT,2.8,2.4,3.2,%,Crude prevalence,2503,2657,38.5528625,-75.069397
2023,19930,19930,ZCTA,Sussex,BRFSS,Health-Related Social Needs,Lack of social and emotional support among adults,Lack of Social/Emotional Support,EMOTIONSPT,13.5,11.5,15.6,%,Crude prevalence,2503,2657,38.5528625,-75.069397
2023,19930,19930,ZCTA,Sussex,BRFSS,Health-Related Social Needs,Loneliness among adults,Loneliness,LONELINESS,23.5,20.5,26.7,%,Crude prevalence,2503,2657,38.5528625,-75.069397
2023,19930,19930,ZCTA,Sussex,BRFSS,Health-Related Social Needs,Received food stamps in the past 12 months among adults,Food Stamps,FOODSTAMP,2.9,2.3,3.6,%,Crude prevalence,2503,2657,38.5528625,-75.069397
2023,19930,19930,ZCTA,Sussex,BRFSS,Health-Related Social Needs,Utility services shut-off threat in the past 12 months among adults,Utility Services Threat,SHUTUTILITY,2.2,1.9,2.6,%,Crude prevalence,2503,2657,38.5528625,-75.069397
2023,19931,19931,ZCTA,Sussex,BRFSS,Health-Related Social Needs,Food insecurity in the past 12 months among adults,Food Insecurity,FOODINSECU,18.2,15.2,21.7,%,Crude prevalence,217,258,38.569298,-75.6104506
2023,19931,19931,ZCTA,Sussex,BRFSS,Health-Related Social Needs,Housing insecurity in the past 12 months among adults,Housing Insecurity,HOUSINSECU,11.9,10.1,13.9,%,Crude prevalence,217,258,38.569298,-75.6104506
2023,19931,19931,ZCTA,Sussex,BRFSS,Health-Related Social Needs,Lack of reliable transportation in the past 12 months among adults,Transportation Barriers,LACKTRPT,9.2,7.9,10.6,%,Crude prevalence,217,258,38.569298,-75.6104506
2023,19931,19931,ZCTA,Sussex,BRFSS,Health-Related Social Needs,Lack of social and emotional support among adults,Lack of Social/Emotional Support,EMOTIONSPT,20.6,17.7,23.8,%,Crude prevalence,217,258,38.569298,-75.6104506
2023,19931,19931,ZCTA,Sussex,BRFSS,Health-Related Social Needs,Loneliness among adults,Loneliness,LONELINESS,30.1,26.4,34.2,%,Crude prevalence,217,258,38.569298,-75.6104506
2023,19931,19931,ZCTA,Sussex,BRFSS,Health-Related Social Needs,Received food stamps in the past 12 months among adults,Food Stamps,FOODSTAMP,18.1,14.8,21.9,%,Crude prevalence,217,258,38.569298,-75.6104506
2023,19931,19931,ZCTA,Sussex,BRFSS,Health-Related Social Needs,Utility services shut-off threat in the past 12 months among adults,Utility Services Threat,SHUTUTILITY,8.8,7.6,10.3,%,Crude prevalence,217,258,38.569298,-75.6104506
2023,19933,19933,ZCTA,Sussex,BRFSS,Health-Related Social Needs,Food insecurity in the past 12 months among adults,Food Insecurity,FOODINSECU,19.0,16.7,21.4,%,Crude prevalence,7377,9784,38.7330183,-75.603361
2023,19933,19933,ZCTA,Sussex,BRFSS,Health-Related Social Needs,Housing insecurity in the past 12 months among adults,Housing Insecurity,HOUSINSECU,14.0,12.2,15.9,%,Crude prevalence,7377,9784,38.7330183,-75.603361
2023,19933,19933,ZCTA,Sussex,BRFSS,Health-Related Social Needs,Lack of reliable transportation in the past 12 months among adults,Transportation Barriers,LACKTRPT,9.5,8.4,10.7,%,Crude prevalence,7377,9784,38.7330183,-75.603361
2023,19933,19933,ZCTA,Sussex,BRFSS,Health-Related Social Needs,Lack of social and emotional support among adults,Lack of Social/Emotional Support,EMOTIONSPT,21.9,19.1,24.9,%,Crude prevalence,7377,9784,38.7330183,-75.603361
2023,19933,19933,ZCTA,Sussex,BRFSS,Health-Related Social Needs,Loneliness among adults,Loneliness,LONELINESS,31.3,27.7,35.2,%,Crude prevalence,7377,9784,38.7330183,-75.603361
2023,19933,19933,ZCTA,Sussex,BRFSS,Health-Related Social Needs,Received food stamps in the past 12 months among adults,Food Stamps,FOODSTAMP,17.0,14.5,19.6,%,Crude prevalence,7377,9784,38.7330183,-75.603361
2023,19933,19933,ZCTA,Sussex,BRFSS,Health-Related Social Needs,Utility services shut-off threat in the past 12 months among adults,Utility Services Threat,SHUTUTILITY,9.6,8.4,10.9,%,Crude prevalence,7377,9784,38.7330183,-75.603361
2023,19934,19934,ZCTA,Sussex,BRFSS,Health-Related Social Needs,Food insecurity in the past 12 months among adults,Food Insecurity,FOODINSECU,12.5,10.9,14.3,%,Crude prevalence,10977,14243,39.0847274,-75.6273547
2023,19934,19934,ZCTA,Sussex,BRFSS,Health-Related Social Needs,Housing insecurity in the past 12 months among adults,Housing Insecurity,HOUSINSECU,11.2,9.7,12.7,%,Crude prevalence,10977,14243,39.0847274,-75.6273547
2023,19934,19934,ZCTA,Sussex,BRFSS,Health-Related Social Needs,Lack of reliable transportation in the past 12 months among adults,Transportation Barriers,LACKTRPT,7.1,6.3,8.0,%,Crude prevalence,10977,14243,39.0847274,-75.6273547
2023,19934,19934,ZCTA,Sussex,BRFSS,Health-Related Social Needs,Lack of social and emotional support among adults,Lack of Social/Emotional Support,EMOTIONSPT,21.6,18.9,24.9,%,Crude prevalence,10977,14243,39.0847274,-75.6273547
2023,19934,19934,ZCTA,Sussex,BRFSS,Health-Related Social Needs,Loneliness among adults,Loneliness,LONELINESS,33.6,29.9,37.8,%,Crude prevalence,10977,14243,39.0847274,-75.6273547
2023,19934,19934,ZCTA,Sussex,BRFSS,Health-Related Social Needs,Received food stamps in the past 12 months among adults,Food Stamps,FOODSTAMP,10.7,9.2,12.6,%,Crude prevalence,10977,14243,39.0847274,-75.6273547
2023,19934,19934,ZCTA,Sussex,BRFSS,Health-Related Social Needs,Utility services shut-off threat in the past 12 months among adults,Utility Services Threat,SHUTUTILITY,6.8,5.9,7.8,%,Crude prevalence,10977,14243,39.0847274,-75.6273547
2023,19936,19936,ZCTA,Sussex,BRFSS,Health-Related Social Needs,Food insecurity in the past 12 months among adults,Food Insecurity,FOODINSECU,20.4,17.2,23.7,%,Crude prevalence,250,329,39.2186348,-75.5851142
2023,19936,19936,ZCTA,Sussex,BRFSS,Health-Related Social Needs,Housing insecurity in the past 12 months among adults,Housing Insecurity,HOUSINSECU,15.6,13.3,18.1,%,Crude prevalence,250,329,39.2186348,-75.5851142
2023,19936,19936,ZCTA,Sussex,BRFSS,Health-Related Social Needs,Lack of reliable transportation in the past 12 months among adults,Transportation Barriers,LACKTRPT,10.9,9.4,12.5,%,Crude prevalence,250,329,39.2186348,-75.5851142
2023,19936,19936,ZCTA,Sussex,BRFSS,Health-Related Social Needs,Lack of social and emotional support among adults,Lack of Social/Emotional Support,EMOTIONSPT,24.0,20.7,27.7,%,Crude prevalence,250,329,39.2186348,-75.5851142
2023,19936,19936,ZCTA,Sussex,BRFSS,Health-Related Social Needs,Loneliness among adults,Loneliness,LONELINESS,35.5,31.6,40.0,%,Crude prevalence,250,329,39.2186348,-75.5851142
2023,19936,19936,ZCTA,Sussex,BRFSS,Health-Related Social Needs,Received food stamps in the past 12 months among adults,Food Stamps,FOODSTAMP,18.9,15.4,22.5,%,Crude prevalence,250,329,39.2186348,-75.5851142
2023,19936,19936,ZCTA,Sussex,BRFSS,Health-Related Social Needs,Utility services shut-off threat in the past 12 months among adults,Utility Services Threat,SHUTUTILITY,10.0,8.6,11.6,%,Crude prevalence,250,329,39.2186348,-75.5851142
2023,19938,19938,ZCTA,Sussex,BRFSS,Health-Related Social Needs,Food insecurity in the past 12 months among adults,Food Insecurity,FOODINSECU,13.4,11.6,15.5,%,Crude prevalence,7555,10131,39.2564647,-75.6988217
2023,19938,19938,ZCTA,Sussex,BRFSS,Health-Related Social Needs,Housing insecurity in the past 12 months among adults,Housing Insecurity,HOUSINSECU,12.1,10.5,13.9,%,Crude prevalence,7555,10131,39.2564647,-75.6988217
2023,19938,19938,ZCTA,Sussex,BRFSS,Health-Related Social Needs,Lack of reliable transportation in the past 12 months among adults,Transportation Barriers,LACKTRPT,7.5,6.6,8.6,%,Crude prevalence,7555,10131,39.2564647,-75.6988217
2023,19938,19938,ZCTA,Sussex,BRFSS,Health-Related Social Needs,Lack of social and emotional support among adults,Lack of Social/Emotional Support,EMOTIONSPT,22.1,19.3,25.4,%,Crude prevalence,7555,10131,39.2564647,-75.6988217
2023,19938,19938,ZCTA,Sussex,BRFSS,Health-Related Social Needs,Loneliness among adults,Loneliness,LONELINESS,34.1,30.4,38.2,%,Crude prevalence,7555,10131,39.2564647,-75.6988217
2023,19938,19938,ZCTA,Sussex,BRFSS,Health-Related Social Needs,Received food stamps in the past 12 months among adults,Food Stamps,FOODSTAMP,11.8,9.9,14.1,%,Crude prevalence,7555,10131,39.2564647,-75.6988217
2023,19938,19938,ZCTA,Sussex,BRFSS,Health-Related Social Needs,Utility services shut-off threat in the past 12 months among adults,Utility Services Threat,SHUTUTILITY,7.4,6.4,8.6,%,Crude prevalence,7555,10131,39.2564647,-75.6988217
2023,19939,19939,ZCTA,Sussex,BRFSS,Health-Related Social Needs,Food insecurity in the past 12 months among adults,Food Insecurity,FOODINSECU,11.0,9.4,12.8,%,Crude prevalence,6170,7357,38.568957,-75.207538
2023,19939,19939,ZCTA,Sussex,BRFSS,Health-Related Social Needs,Housing insecurity in the past 12 months among adults,Housing Insecurity,HOUSINSECU,8.2,7.0,9.4,%,Crude prevalence,6170,7357,38.568957,-75.207538
2023,19939,19939,ZCTA,Sussex,BRFSS,Health-Related Social Needs,Lack of reliable transportation in the past 12 months among adults,Transportation Barriers,LACKTRPT,5.9,5.2,6.8,%,Crude prevalence,6170,7357,38.568957,-75.207538
2023,19939,19939,ZCTA,Sussex,BRFSS,Health-Related Social Needs,Lack of social and emotional support among adults,Lack of Social/Emotional Support,EMOTIONSPT,18.5,15.9,21.2,%,Crude prevalence,6170,7357,38.568957,-75.207538
2023,19939,19939,ZCTA,Sussex,BRFSS,Health-Related Social Needs,Loneliness among adults,Loneliness,LONELINESS,28.3,24.9,31.9,%,Crude prevalence,6170,7357,38.568957,-75.207538
2023,19939,19939,ZCTA,Sussex,BRFSS,Health-Related Social Needs,Received food stamps in the past 12 months among adults,Food Stamps,FOODSTAMP,9.1,7.5,10.9,%,Crude prevalence,6170,7357,38.568957,-75.207538
2023,19939,19939,ZCTA,Sussex,BRFSS,Health-Related Social Needs,Utility services shut-off threat in the past 12 months among adults,Utility Services Threat,SHUTUTILITY,5.5,4.7,6.3,%,Crude prevalence,6170,7357,38.568957,-75.207538
2023,19940,19940,ZCTA,Sussex,BRFSS,Health-Related Social Needs,Food insecurity in the past 12 months among adults,Food Insecurity,FOODINSECU,14.8,12.8,17.1,%,Crude prevalence,4898,6541,38.4775616,-75.5649307
2023,19940,19940,ZCTA,Sussex,BRFSS,Health-Related Social Needs,Housing insecurity in the past 12 months among adults,Housing Insecurity,HOUSINSECU,11.4,9.8,13.0,%,Crude prevalence,4898,6541,38.4775616,-75.5649307
2023,19940,19940,ZCTA,Sussex,BRFSS,Health-Related Social Needs,Lack of reliable transportation in the past 12 months among adults,Transportation Barriers,LACKTRPT,7.8,6.9,8.9,%,Crude prevalence,4898,6541,38.4775616,-75.5649307
2023,19940,19940,ZCTA,Sussex,BRFSS,Health-Related Social Needs,Lack of social and emotional support among adults,Lack of Social/Emotional Support,EMOTIONSPT,21.7,18.7,24.7,%,Crude prevalence,4898,6541,38.4775616,-75.5649307
2023,19940,19940,ZCTA,Sussex,BRFSS,Health-Related Social Needs,Loneliness among adults,Loneliness,LONELINESS,31.9,28.3,35.7,%,Crude prevalence,4898,6541,38.4775616,-75.5649307
2023,19940,19940,ZCTA,Sussex,BRFSS,Health-Related Social Needs,Received food stamps in the past 12 months among adults,Food Stamps,FOODSTAMP,12.8,10.7,15.0,%,Crude prevalence,4898,6541,38.4775616,-75.5649307
2023,19940,19940,ZCTA,Sussex,BRFSS,Health-Related Social Needs,Utility services shut-off threat in the past 12 months among adults,Utility Services Threat,SHUTUTILITY,7.6,6.6,8.7,%,Crude prevalence,4898,6541,38.4775616,-75.5649307
2023,19941,19941,ZCTA,Sussex,BRFSS,Health-Related Social Needs,Food insecurity in the past 12 months among adults,Food Insecurity,FOODINSECU,21.1,18.4,24.0,%,Crude prevalence,2135,2857,38.7936579,-75.4260621
2023,19941,19941,ZCTA,Sussex,BRFSS,Health-Related Social Needs,Housing insecurity in the past 12 months among adults,Housing Insecurity,HOUSINSECU,16.2,14.1,18.3,%,Crude prevalence,2135,2857,38.7936579,-75.4260621
2023,19941,19941,ZCTA,Sussex,BRFSS,Health-Related Social Needs,Lack of reliable transportation in the past 12 months among adults,Transportation Barriers,LACKTRPT,10.5,9.3,11.9,%,Crude prevalence,2135,2857,38.7936579,-75.4260621
2023,19941,19941,ZCTA,Sussex,BRFSS,Health-Related Social Needs,Lack of social and emotional support among adults,Lack of Social/Emotional Support,EMOTIONSPT,24.1,21.0,27.3,%,Crude prevalence,2135,2857,38.7936579,-75.4260621
2023,19941,19941,ZCTA,Sussex,BRFSS,Health-Related Social Needs,Loneliness among adults,Loneliness,LONELINESS,33.4,29.6,37.2,%,Crude prevalence,2135,2857,38.7936579,-75.4260621
2023,19941,19941,ZCTA,Sussex,BRFSS,Health-Related Social Needs,Received food stamps in the past 12 months among adults,Food Stamps,FOODSTAMP,18.9,16.0,22.0,%,Crude prevalence,2135,2857,38.7936579,-75.4260621
2023,19941,19941,ZCTA,Sussex,BRFSS,Health-Related Social Needs,Utility services shut-off threat in the past 12 months among adults,Utility Services Threat,SHUTUTILITY,11.0,9.5,12.5,%,Crude prevalence,2135,2857,38.7936579,-75.4260621
2023,19943,19943,ZCTA,Sussex,BRFSS,Health-Related Social Needs,Food insecurity in the past 12 months among adults,Food Insecurity,FOODINSECU,13.4,11.7,15.3,%,Crude prevalence,9765,12523,39.0044358,-75.6069858
2023,19943,19943,ZCTA,Sussex,BRFSS,Health-Related Social Needs,Housing insecurity in the past 12 months among adults,Housing Insecurity,HOUSINSECU,11.7,10.3,13.4,%,Crude prevalence,9765,12523,39.0044358,-75.6069858
2023,19943,19943,ZCTA,Sussex,BRFSS,Health-Related Social Needs,Lack of reliable transportation in the past 12 months among adults,Transportation Barriers,LACKTRPT,7.4,6.6,8.4,%,Crude prevalence,9765,12523,39.0044358,-75.6069858
2023,19943,19943,ZCTA,Sussex,BRFSS,Health-Related Social Needs,Lack of social and emotional support among adults,Lack of Social/Emotional Support,EMOTIONSPT,21.6,18.9,24.7,%,Crude prevalence,9765,12523,39.0044358,-75.6069858
2023,19943,19943,ZCTA,Sussex,BRFSS,Health-Related Social Needs,Loneliness among adults,Loneliness,LONELINESS,33.7,30.0,37.8,%,Crude prevalence,9765,12523,39.0044358,-75.6069858
2023,19943,19943,ZCTA,Sussex,BRFSS,Health-Related Social Needs,Received food stamps in the past 12 months among adults,Food Stamps,FOODSTAMP,11.9,10.1,14.0,%,Crude prevalence,9765,12523,39.0044358,-75.6069858
2023,19943,19943,ZCTA,Sussex,BRFSS,Health-Related Social Needs,Utility services shut-off threat in the past 12 months among adults,Utility Services Threat,SHUTUTILITY,7.2,6.3,8.3,%,Crude prevalence,9765,12523,39.0044358,-75.6069858
2023,19944,19944,ZCTA,Sussex,BRFSS,Health-Related Social Needs,Food insecurity in the past 12 months among adults,Food Insecurity,FOODINSECU,5.5,3.9,7.2,%,Crude prevalence,485,519,38.4778676,-75.0530825
2023,19944,19944,ZCTA,Sussex,BRFSS,Health-Related Social Needs,Housing insecurity in the past 12 months among adults,Housing Insecurity,HOUSINSECU,3.9,3.0,4.8,%,Crude prevalence,485,519,38.4778676,-75.0530825
2023,19944,19944,ZCTA,Sussex,BRFSS,Health-Related Social Needs,Lack of reliable transportation in the past 12 months among adults,Transportation Barriers,LACKTRPT,3.3,2.7,4.0,%,Crude prevalence,485,519,38.4778676,-75.0530825
2023,19944,19944,ZCTA,Sussex,BRFSS,Health-Related Social Needs,Lack of social and emotional support among adults,Lack of Social/Emotional Support,EMOTIONSPT,15.2,12.6,18.0,%,Crude prevalence,485,519,38.4778676,-75.0530825
2023,19944,19944,ZCTA,Sussex,BRFSS,Health-Related Social Needs,Loneliness among adults,Loneliness,LONELINESS,25.3,21.8,29.0,%,Crude prevalence,485,519,38.4778676,-75.0530825
2023,19944,19944,ZCTA,Sussex,BRFSS,Health-Related Social Needs,Received food stamps in the past 12 months among adults,Food Stamps,FOODSTAMP,3.9,2.7,5.4,%,Crude prevalence,485,519,38.4778676,-75.0530825
2023,19944,19944,ZCTA,Sussex,BRFSS,Health-Related Social Needs,Utility services shut-off threat in the past 12 months among adults,Utility Services Threat,SHUTUTILITY,2.5,2.0,3.1,%,Crude prevalence,485,519,38.4778676,-75.0530825
2023,19945,19945,ZCTA,Sussex,BRFSS,Health-Related Social Needs,Food insecurity in the past 12 months among adults,Food Insecurity,FOODINSECU,10.8,9.2,12.4,%,Crude prevalence,6693,8041,38.4978939,-75.2290333
2023,19945,19945,ZCTA,Sussex,BRFSS,Health-Related Social Needs,Housing insecurity in the past 12 months among adults,Housing Insecurity,HOUSINSECU,8.5,7.4,9.8,%,Crude prevalence,6693,8041,38.4978939,-75.2290333
2023,19945,19945,ZCTA,Sussex,BRFSS,Health-Related Social Needs,Lack of reliable transportation in the past 12 months among adults,Transportation Barriers,LACKTRPT,5.9,5.1,6.7,%,Crude prevalence,6693,8041,38.4978939,-75.2290333
2023,19945,19945,ZCTA,Sussex,BRFSS,Health-Related Social Needs,Lack of social and emotional support among adults,Lack of Social/Emotional Support,EMOTIONSPT,18.8,16.3,21.6,%,Crude prevalence,6693,8041,38.4978939,-75.2290333
2023,19945,19945,ZCTA,Sussex,BRFSS,Health-Related Social Needs,Loneliness among adults,Loneliness,LONELINESS,28.7,25.4,32.5,%,Crude prevalence,6693,8041,38.4978939,-75.2290333
2023,19945,19945,ZCTA,Sussex,BRFSS,Health-Related Social Needs,Received food stamps in the past 12 months among adults,Food Stamps,FOODSTAMP,8.3,6.9,9.9,%,Crude prevalence,6693,8041,38.4978939,-75.2290333
2023,19945,19945,ZCTA,Sussex,BRFSS,Health-Related Social Needs,Utility services shut-off threat in the past 12 months among adults,Utility Services Threat,SHUTUTILITY,5.5,4.8,6.3,%,Crude prevalence,6693,8041,38.4978939,-75.2290333
2023,19946,19946,ZCTA,Sussex,BRFSS,Health-Related Social Needs,Food insecurity in the past 12 months among adults,Food Insecurity,FOODINSECU,14.3,12.4,16.2,%,Crude prevalence,3794,4932,39.0348019,-75.4495848
2023,19946,19946,ZCTA,Sussex,BRFSS,Health-Related Social Needs,Housing insecurity in the past 12 months among adults,Housing Insecurity,HOUSINSECU,12.5,10.9,14.3,%,Crude prevalence,3794,4932,39.0348019,-75.4495848
2023,19946,19946,ZCTA,Sussex,BRFSS,Health-Related Social Needs,Lack of reliable transportation in the past 12 months among adults,Transportation Barriers,LACKTRPT,7.8,6.9,8.9,%,Crude prevalence,3794,4932,39.0348019,-75.4495848
2023,19946,19946,ZCTA,Sussex,BRFSS,Health-Related Social Needs,Lack of social and emotional support among adults,Lack of Social/Emotional Support,EMOTIONSPT,21.7,18.9,24.7,%,Crude prevalence,3794,4932,39.0348019,-75.4495848
2023,19946,19946,ZCTA,Sussex,BRFSS,Health-Related Social Needs,Loneliness among adults,Loneliness,LONELINESS,33.7,30.0,37.6,%,Crude prevalence,3794,4932,39.0348019,-75.4495848
2023,19946,19946,ZCTA,Sussex,BRFSS,Health-Related Social Needs,Received food stamps in the past 12 months among adults,Food Stamps,FOODSTAMP,12.8,10.9,14.8,%,Crude prevalence,3794,4932,39.0348019,-75.4495848
2023,19946,19946,ZCTA,Sussex,BRFSS,Health-Related Social Needs,Utility services shut-off threat in the past 12 months among adults,Utility Services Threat,SHUTUTILITY,7.7,6.7,8.9,%,Crude prevalence,3794,4932,39.0348019,-75.4495848
2023,19947,19947,ZCTA,Sussex,BRFSS,Health-Related Social Needs,Food insecurity in the past 12 months among adults,Food Insecurity,FOODINSECU,22.7,20.4,25.0,%,Crude prevalence,15895,20964,38.6702663,-75.4046629
2023,19947,19947,ZCTA,Sussex,BRFSS,Health-Related Social Needs,Housing insecurity in the past 12 months among adults,Housing Insecurity,HOUSINSECU,16.9,15.0,18.9,%,Crude prevalence,15895,20964,38.6702663,-75.4046629
2023,19947,19947,ZCTA,Sussex,BRFSS,Health-Related Social Needs,Lack of reliable transportation in the past 12 months among adults,Transportation Barriers,LACKTRPT,11.3,10.2,12.6,%,Crude prevalence,15895,20964,38.6702663,-75.4046629
2023,19947,19947,ZCTA,Sussex,BRFSS,Health-Related Social Needs,Lack of social and emotional support among adults,Lack of Social/Emotional Support,EMOTIONSPT,23.7,20.8,26.9,%,Crude prevalence,15895,20964,38.6702663,-75.4046629
2023,19947,19947,ZCTA,Sussex,BRFSS,Health-Related Social Needs,Loneliness among adults,Loneliness,LONELINESS,33.2,29.6,37.2,%,Crude prevalence,15895,20964,38.6702663,-75.4046629
2023,19947,19947,ZCTA,Sussex,BRFSS,Health-Related Social Needs,Received food stamps in the past 12 months among adults,Food Stamps,FOODSTAMP,19.3,17.0,21.7,%,Crude prevalence,15895,20964,38.6702663,-75.4046629
2023,19947,19947,ZCTA,Sussex,BRFSS,Health-Related Social Needs,Utility services shut-off threat in the past 12 months among adults,Utility Services Threat,SHUTUTILITY,10.8,9.6,12.2,%,Crude prevalence,15895,20964,38.6702663,-75.4046629
2023,19950,19950,ZCTA,Sussex,BRFSS,Health-Related Social Needs,Food insecurity in the past 12 months among adults,Food Insecurity,FOODINSECU,16.5,14.6,18.5,%,Crude prevalence,5618,7095,38.8184505,-75.5967427
2023,19950,19950,ZCTA,Sussex,BRFSS,Health-Related Social Needs,Housing insecurity in the past 12 months among adults,Housing Insecurity,HOUSINSECU,12.2,10.8,13.8,%,Crude prevalence,5618,7095,38.8184505,-75.5967427
2023,19950,19950,ZCTA,Sussex,BRFSS,Health-Related Social Needs,Lack of reliable transportation in the past 12 months among adults,Transportation Barriers,LACKTRPT,8.6,7.7,9.6,%,Crude prevalence,5618,7095,38.8184505,-75.5967427
2023,19950,19950,ZCTA,Sussex,BRFSS,Health-Related Social Needs,Lack of social and emotional support among adults,Lack of Social/Emotional Support,EMOTIONSPT,22.1,19.7,24.9,%,Crude prevalence,5618,7095,38.8184505,-75.5967427
2023,19950,19950,ZCTA,Sussex,BRFSS,Health-Related Social Needs,Loneliness among adults,Loneliness,LONELINESS,32.9,29.7,36.3,%,Crude prevalence,5618,7095,38.8184505,-75.5967427
2023,19950,19950,ZCTA,Sussex,BRFSS,Health-Related Social Needs,Received food stamps in the past 12 months among adults,Food Stamps,FOODSTAMP,14.6,12.6,16.8,%,Crude prevalence,5618,7095,38.8184505,-75.5967427
2023,19950,19950,ZCTA,Sussex,BRFSS,Health-Related Social Needs,Utility services shut-off threat in the past 12 months among adults,Utility Services Threat,SHUTUTILITY,8.0,7.1,9.1,%,Crude prevalence,5618,7095,38.8184505,-75.5967427
2023,19951,19951,ZCTA,Sussex,BRFSS,Health-Related Social Needs,Food insecurity in the past 12 months among adults,Food Insecurity,FOODINSECU,9.4,8.0,11.0,%,Crude prevalence,1625,1986,38.6852574,-75.2551535
2023,19951,19951,ZCTA,Sussex,BRFSS,Health-Related Social Needs,Housing insecurity in the past 12 months among adults,Housing Insecurity,HOUSINSECU,7.2,6.2,8.3,%,Crude prevalence,1625,1986,38.6852574,-75.2551535
2023,19951,19951,ZCTA,Sussex,BRFSS,Health-Related Social Needs,Lack of reliable transportation in the past 12 months among adults,Transportation Barriers,LACKTRPT,5.2,4.6,6.0,%,Crude prevalence,1625,1986,38.6852574,-75.2551535
2023,19951,19951,ZCTA,Sussex,BRFSS,Health-Related Social Needs,Lack of social and emotional support among adults,Lack of Social/Emotional Support,EMOTIONSPT,18.0,15.6,20.8,%,Crude prevalence,1625,1986,38.6852574,-75.2551535
2023,19951,19951,ZCTA,Sussex,BRFSS,Health-Related Social Needs,Loneliness among adults,Loneliness,LONELINESS,27.5,24.2,31.2,%,Crude prevalence,1625,1986,38.6852574,-75.2551535
2023,19951,19951,ZCTA,Sussex,BRFSS,Health-Related Social Needs,Received food stamps in the past 12 months among adults,Food Stamps,FOODSTAMP,7.5,6.1,9.1,%,Crude prevalence,1625,1986,38.6852574,-75.2551535
2023,19951,19951,ZCTA,Sussex,BRFSS,Health-Related Social Needs,Utility services shut-off threat in the past 12 months among adults,Utility Services Threat,SHUTUTILITY,4.8,4.2,5.5,%,Crude prevalence,1625,1986,38.6852574,-75.2551535
2023,19952,19952,ZCTA,Sussex,BRFSS,Health-Related Social Needs,Food insecurity in the past 12 months among adults,Food Insecurity,FOODINSECU,14.1,12.3,16.0,%,Crude prevalence,8244,10621,38.9166995,-75.6121042
2023,19952,19952,ZCTA,Sussex,BRFSS,Health-Related Social Needs,Housing insecurity in the past 12 months among adults,Housing Insecurity,HOUSINSECU,12.2,10.6,13.8,%,Crude prevalence,8244,10621,38.9166995,-75.6121042
2023,19952,19952,ZCTA,Sussex,BRFSS,Health-Related Social Needs,Lack of reliable transportation in the past 12 months among adults,Transportation Barriers,LACKTRPT,7.8,6.9,8.8,%,Crude prevalence,8244,10621,38.9166995,-75.6121042
2023,19952,19952,ZCTA,Sussex,BRFSS,Health-Related Social Needs,Lack of social and emotional support among adults,Lack of Social/Emotional Support,EMOTIONSPT,21.5,18.7,24.5,%,Crude prevalence,8244,10621,38.9166995,-75.6121042
2023,19952,19952,ZCTA,Sussex,BRFSS,Health-Related Social Needs,Loneliness among adults,Loneliness,LONELINESS,33.8,30.0,37.8,%,Crude prevalence,8244,10621,38.9166995,-75.6121042
2023,19952,19952,ZCTA,Sussex,BRFSS,Health-Related Social Needs,Received food stamps in the past 12 months among adults,Food Stamps,FOODSTAMP,12.9,11.0,15.1,%,Crude prevalence,8244,10621,38.9166995,-75.6121042
2023,19952,19952,ZCTA,Sussex,BRFSS,Health-Related Social Needs,Utility services shut-off threat in the past 12 months among adults,Utility Services Threat,SHUTUTILITY,7.6,6.6,8.7,%,Crude prevalence,8244,10621,38.9166995,-75.6121042
2023,19953,19953,ZCTA,Sussex,BRFSS,Health-Related Social Needs,Food insecurity in the past 12 months among adults,Food Insecurity,FOODINSECU,15.7,13.0,18.8,%,Crude prevalence,3387,4500,39.152487,-75.6941327
2023,19953,19953,ZCTA,Sussex,BRFSS,Health-Related Social Needs,Housing insecurity in the past 12 months among adults,Housing Insecurity,HOUSINSECU,12.9,10.9,15.1,%,Crude prevalence,3387,4500,39.152487,-75.6941327
2023,19953,19953,ZCTA,Sussex,BRFSS,Health-Related Social Needs,Lack of reliable transportation in the past 12 months among adults,Transportation Barriers,LACKTRPT,8.5,7.2,9.8,%,Crude prevalence,3387,4500,39.152487,-75.6941327
2023,19953,19953,ZCTA,Sussex,BRFSS,Health-Related Social Needs,Lack of social and emotional support among adults,Lack of Social/Emotional Support,EMOTIONSPT,23.3,20.1,26.8,%,Crude prevalence,3387,4500,39.152487,-75.6941327
2023,19953,19953,ZCTA,Sussex,BRFSS,Health-Related Social Needs,Loneliness among adults,Loneliness,LONELINESS,35.8,31.7,40.2,%,Crude prevalence,3387,4500,39.152487,-75.6941327
2023,19953,19953,ZCTA,Sussex,BRFSS,Health-Related Social Needs,Received food stamps in the past 12 months among adults,Food Stamps,FOODSTAMP,13.9,11.2,16.9,%,Crude prevalence,3387,4500,39.152487,-75.6941327
2023,19953,19953,ZCTA,Sussex,BRFSS,Health-Related Social Needs,Utility services shut-off threat in the past 12 months among adults,Utility Services Threat,SHUTUTILITY,7.6,6.5,8.9,%,Crude prevalence,3387,4500,39.152487,-75.6941327
2023,19954,19954,ZCTA,Sussex,BRFSS,Health-Related Social Needs,Food insecurity in the past 12 months among adults,Food Insecurity,FOODINSECU,15.9,13.5,18.8,%,Crude prevalence,1308,1629,38.8970097,-75.5204569
2023,19954,19954,ZCTA,Sussex,BRFSS,Health-Related Social Needs,Housing insecurity in the past 12 months among adults,Housing Insecurity,HOUSINSECU,12.6,10.8,14.6,%,Crude prevalence,1308,1629,38.8970097,-75.5204569
2023,19954,19954,ZCTA,Sussex,BRFSS,Health-Related Social Needs,Lack of reliable transportation in the past 12 months among adults,Transportation Barriers,LACKTRPT,8.7,7.4,10.0,%,Crude prevalence,1308,1629,38.8970097,-75.5204569
2023,19954,19954,ZCTA,Sussex,BRFSS,Health-Related Social Needs,Lack of social and emotional support among adults,Lack of Social/Emotional Support,EMOTIONSPT,22.1,19.1,25.5,%,Crude prevalence,1308,1629,38.8970097,-75.5204569
2023,19954,19954,ZCTA,Sussex,BRFSS,Health-Related Social Needs,Loneliness among adults,Loneliness,LONELINESS,33.9,30.0,38.1,%,Crude prevalence,1308,1629,38.8970097,-75.5204569
2023,19954,19954,ZCTA,Sussex,BRFSS,Health-Related Social Needs,Received food stamps in the past 12 months among adults,Food Stamps,FOODSTAMP,14.9,12.2,17.7,%,Crude prevalence,1308,1629,38.8970097,-75.5204569
2023,19954,19954,ZCTA,Sussex,BRFSS,Health-Related Social Needs,Utility services shut-off threat in the past 12 months among adults,Utility Services Threat,SHUTUTILITY,8.0,6.9,9.3,%,Crude prevalence,1308,1629,38.8970097,-75.5204569
2023,19955,19955,ZCTA,Sussex,BRFSS,Health-Related Social Needs,Food insecurity in the past 12 months among adults,Food Insecurity,FOODINSECU,14.0,11.2,17.4,%,Crude prevalence,143,191,39.2269685,-75.664724
2023,19955,19955,ZCTA,Sussex,BRFSS,Health-Related Social Needs,Housing insecurity in the past 12 months among adults,Housing Insecurity,HOUSINSECU,11.7,9.7,13.9,%,Crude prevalence,143,191,39.2269685,-75.664724
2023,19955,19955,ZCTA,Sussex,BRFSS,Health-Related Social Needs,Lack of reliable transportation in the past 12 months among adults,Transportation Barriers,LACKTRPT,7.7,6.5,9.1,%,Crude prevalence,143,191,39.2269685,-75.664724
2023,19955,19955,ZCTA,Sussex,BRFSS,Health-Related Social Needs,Lack of social and emotional support among adults,Lack of Social/Emotional Support,EMOTIONSPT,21.4,18.4,24.9,%,Crude prevalence,143,191,39.2269685,-75.664724
2023,19955,19955,ZCTA,Sussex,BRFSS,Health-Related Social Needs,Loneliness among adults,Loneliness,LONELINESS,33.8,29.8,38.2,%,Crude prevalence,143,191,39.2269685,-75.664724
2023,19955,19955,ZCTA,Sussex,BRFSS,Health-Related Social Needs,Received food stamps in the past 12 months among adults,Food Stamps,FOODSTAMP,13.0,10.2,16.4,%,Crude prevalence,143,191,39.2269685,-75.664724
2023,19955,19955,ZCTA,Sussex,BRFSS,Health-Related Social Needs,Utility services shut-off threat in the past 12 months among adults,Utility Services Threat,SHUTUTILITY,7.4,6.2,8.7,%,Crude prevalence,143,191,39.2269685,-75.664724
2023,19956,19956,ZCTA,Sussex,BRFSS,Health-Related Social Needs,Food insecurity in the past 12 months among adults,Food Insecurity,FOODINSECU,18.9,16.7,21.3,%,Crude prevalence,12211,16327,38.5476448,-75.5381863
2023,19956,19956,ZCTA,Sussex,BRFSS,Health-Related Social Needs,Housing insecurity in the past 12 months among adults,Housing Insecurity,HOUSINSECU,14.0,12.3,15.9,%,Crude prevalence,12211,16327,38.5476448,-75.5381863
2023,19956,19956,ZCTA,Sussex,BRFSS,Health-Related Social Needs,Lack of reliable transportation in the past 12 months among adults,Transportation Barriers,LACKTRPT,9.7,8.6,10.9,%,Crude prevalence,12211,16327,38.5476448,-75.5381863
2023,19956,19956,ZCTA,Sussex,BRFSS,Health-Related Social Needs,Lack of social and emotional support among adults,Lack of Social/Emotional Support,EMOTIONSPT,22.6,19.8,25.7,%,Crude prevalence,12211,16327,38.5476448,-75.5381863
2023,19956,19956,ZCTA,Sussex,BRFSS,Health-Related Social Needs,Loneliness among adults,Loneliness,LONELINESS,32.8,29.2,36.8,%,Crude prevalence,12211,16327,38.5476448,-75.5381863
2023,19956,19956,ZCTA,Sussex,BRFSS,Health-Related Social Needs,Received food stamps in the past 12 months among adults,Food Stamps,FOODSTAMP,17.0,14.7,19.6,%,Crude prevalence,12211,16327,38.5476448,-75.5381863
2023,19956,19956,ZCTA,Sussex,BRFSS,Health-Related Social Needs,Utility services shut-off threat in the past 12 months among adults,Utility Services Threat,SHUTUTILITY,9.6,8.4,10.9,%,Crude prevalence,12211,16327,38.5476448,-75.5381863
2023,19958,19958,ZCTA,Sussex,BRFSS,Health-Related Social Needs,Food insecurity in the past 12 months among adults,Food Insecurity,FOODINSECU,7.7,6.6,8.8,%,Crude prevalence,24522,27911,38.728714,-75.1685078
2023,19958,19958,ZCTA,Sussex,BRFSS,Health-Related Social Needs,Housing insecurity in the past 12 months among adults,Housing Insecurity,HOUSINSECU,5.7,4.9,6.6,%,Crude prevalence,24522,27911,38.728714,-75.1685078
2023,19958,19958,ZCTA,Sussex,BRFSS,Health-Related Social Needs,Lack of reliable transportation in the past 12 months among adults,Transportation Barriers,LACKTRPT,4.4,3.9,5.0,%,Crude prevalence,24522,27911,38.728714,-75.1685078
2023,19958,19958,ZCTA,Sussex,BRFSS,Health-Related Social Needs,Lack of social and emotional support among adults,Lack of Social/Emotional Support,EMOTIONSPT,16.3,14.0,18.8,%,Crude prevalence,24522,27911,38.728714,-75.1685078
2023,19958,19958,ZCTA,Sussex,BRFSS,Health-Related Social Needs,Loneliness among adults,Loneliness,LONELINESS,26.1,22.8,29.6,%,Crude prevalence,24522,27911,38.728714,-75.1685078
2023,19958,19958,ZCTA,Sussex,BRFSS,Health-Related Social Needs,Received food stamps in the past 12 months among adults,Food Stamps,FOODSTAMP,6.0,5.0,7.1,%,Crude prevalence,24522,27911,38.728714,-75.1685078
2023,19958,19958,ZCTA,Sussex,BRFSS,Health-Related Social Needs,Utility services shut-off threat in the past 12 months among adults,Utility Services Threat,SHUTUTILITY,3.9,3.4,4.5,%,Crude prevalence,24522,27911,38.728714,-75.1685078
2023,19960,19960,ZCTA,Sussex,BRFSS,Health-Related Social Needs,Food insecurity in the past 12 months among adults,Food Insecurity,FOODINSECU,18.0,15.8,20.4,%,Crude prevalence,5272,7121,38.8509127,-75.4087158
2023,19960,19960,ZCTA,Sussex,BRFSS,Health-Related Social Needs,Housing insecurity in the past 12 months among adults,Housing Insecurity,HOUSINSECU,14.1,12.3,16.1,%,Crude prevalence,5272,7121,38.8509127,-75.4087158
2023,19960,19960,ZCTA,Sussex,BRFSS,Health-Related Social Needs,Lack of reliable transportation in the past 12 months among adults,Transportation Barriers,LACKTRPT,9.1,8.0,10.4,%,Crude prevalence,5272,7121,38.8509127,-75.4087158
2023,19960,19960,ZCTA,Sussex,BRFSS,Health-Related Social Needs,Lack of social and emotional support among adults,Lack of Social/Emotional Support,EMOTIONSPT,23.0,20.0,26.3,%,Crude prevalence,5272,7121,38.8509127,-75.4087158
2023,19960,19960,ZCTA,Sussex,BRFSS,Health-Related Social Needs,Loneliness among adults,Loneliness,LONELINESS,32.5,28.8,36.5,%,Crude prevalence,5272,7121,38.8509127,-75.4087158
2023,19960,19960,ZCTA,Sussex,BRFSS,Health-Related Social Needs,Received food stamps in the past 12 months among adults,Food Stamps,FOODSTAMP,15.2,12.8,17.7,%,Crude prevalence,5272,7121,38.8509127,-75.4087158
2023,19960,19960,ZCTA,Sussex,BRFSS,Health-Related Social Needs,Utility services shut-off threat in the past 12 months among adults,Utility Services Threat,SHUTUTILITY,9.2,8.0,10.7,%,Crude prevalence,5272,7121,38.8509127,-75.4087158
2023,19962,19962,ZCTA,Sussex,BRFSS,Health-Related Social Needs,Food insecurity in the past 12 months among adults,Food Insecurity,FOODINSECU,13.9,12.2,15.6,%,Crude prevalence,10232,13692,39.0688084,-75.4883882
2023,19962,19962,ZCTA,Sussex,BRFSS,Health-Related Social Needs,Housing insecurity in the past 12 months among adults,Housing Insecurity,HOUSINSECU,12.4,10.9,14.0,%,Crude prevalence,10232,13692,39.0688084,-75.4883882
2023,19962,19962,ZCTA,Sussex,BRFSS,Health-Related Social Needs,Lack of reliable transportation in the past 12 months among adults,Transportation Barriers,LACKTRPT,7.7,6.8,8.7,%,Crude prevalence,10232,13692,39.0688084,-75.4883882
2023,19962,19962,ZCTA,Sussex,BRFSS,Health-Related Social Needs,Lack of social and emotional support among adults,Lack of Social/Emotional Support,EMOTIONSPT,22.0,19.2,25.1,%,Crude prevalence,10232,13692,39.0688084,-75.4883882
2023,19962,19962,ZCTA,Sussex,BRFSS,Health-Related Social Needs,Loneliness among adults,Loneliness,LONELINESS,34.1,30.4,38.2,%,Crude prevalence,10232,13692,39.0688084,-75.4883882
2023,19962,19962,ZCTA,Sussex,BRFSS,Health-Related Social Needs,Received food stamps in the past 12 months among adults,Food Stamps,FOODSTAMP,12.3,10.5,14.2,%,Crude prevalence,10232,13692,39.0688084,-75.4883882
2023,19962,19962,ZCTA,Sussex,BRFSS,Health-Related Social Needs,Utility services shut-off threat in the past 12 months among adults,Utility Services Threat,SHUTUTILITY,7.7,6.7,8.8,%,Crude prevalence,10232,13692,39.0688084,-75.4883882
2023,19963,19963,ZCTA,Sussex,BRFSS,Health-Related Social Needs,Food insecurity in the past 12 months among adults,Food Insecurity,FOODINSECU,16.0,14.4,17.5,%,Crude prevalence,16395,20827,38.9432534,-75.362567
2023,19963,19963,ZCTA,Sussex,BRFSS,Health-Related Social Needs,Housing insecurity in the past 12 months among adults,Housing Insecurity,HOUSINSECU,12.5,11.2,13.9,%,Crude prevalence,16395,20827,38.9432534,-75.362567
2023,19963,19963,ZCTA,Sussex,BRFSS,Health-Related Social Needs,Lack of reliable transportation in the past 12 months among adults,Transportation Barriers,LACKTRPT,8.4,7.6,9.3,%,Crude prevalence,16395,20827,38.9432534,-75.362567
2023,19963,19963,ZCTA,Sussex,BRFSS,Health-Related Social Needs,Lack of social and emotional support among adults,Lack of Social/Emotional Support,EMOTIONSPT,21.1,18.8,23.6,%,Crude prevalence,16395,20827,38.9432534,-75.362567
2023,19963,19963,ZCTA,Sussex,BRFSS,Health-Related Social Needs,Loneliness among adults,Loneliness,LONELINESS,32.0,29.0,35.3,%,Crude prevalence,16395,20827,38.9432534,-75.362567
2023,19963,19963,ZCTA,Sussex,BRFSS,Health-Related Social Needs,Received food stamps in the past 12 months among adults,Food Stamps,FOODSTAMP,14.4,12.7,16.3,%,Crude prevalence,16395,20827,38.9432534,-75.362567
2023,19963,19963,ZCTA,Sussex,BRFSS,Health-Related Social Needs,Utility services shut-off threat in the past 12 months among adults,Utility Services Threat,SHUTUTILITY,8.2,7.4,9.2,%,Crude prevalence,16395,20827,38.9432534,-75.362567
2023,19964,19964,ZCTA,Sussex,BRFSS,Health-Related Social Needs,Food insecurity in the past 12 months among adults,Food Insecurity,FOODINSECU,15.2,12.8,18.1,%,Crude prevalence,1034,1298,39.0960269,-75.7254632
2023,19964,19964,ZCTA,Sussex,BRFSS,Health-Related Social Needs,Housing insecurity in the past 12 months among adults,Housing Insecurity,HOUSINSECU,12.5,10.6,14.5,%,Crude prevalence,1034,1298,39.0960269,-75.7254632
2023,19964,19964,ZCTA,Sussex,BRFSS,Health-Related Social Needs,Lack of reliable transportation in the past 12 months among adults,Transportation Barriers,LACKTRPT,8.1,7.0,9.3,%,Crude prevalence,1034,1298,39.0960269,-75.7254632
2023,19964,19964,ZCTA,Sussex,BRFSS,Health-Related Social Needs,Lack of social and emotional support among adults,Lack of Social/Emotional Support,EMOTIONSPT,23.0,19.9,26.4,%,Crude prevalence,1034,1298,39.0960269,-75.7254632
2023,19964,19964,ZCTA,Sussex,BRFSS,Health-Related Social Needs,Loneliness among adults,Loneliness,LONELINESS,35.5,31.6,39.9,%,Crude prevalence,1034,1298,39.0960269,-75.7254632
2023,19964,19964,ZCTA,Sussex,BRFSS,Health-Related Social Needs,Received food stamps in the past 12 months among adults,Food Stamps,FOODSTAMP,13.2,10.7,15.9,%,Crude prevalence,1034,1298,39.0960269,-75.7254632
2023,19964,19964,ZCTA,Sussex,BRFSS,Health-Related Social Needs,Utility services shut-off threat in the past 12 months among adults,Utility Services Threat,SHUTUTILITY,7.2,6.1,8.4,%,Crude prevalence,1034,1298,39.0960269,-75.7254632
2023,19966,19966,ZCTA,Sussex,BRFSS,Health-Related Social Needs,Food insecurity in the past 12 months among adults,Food Insecurity,FOODINSECU,12.9,11.4,14.6,%,Crude prevalence,26925,32520,38.579422,-75.277196
2023,19966,19966,ZCTA,Sussex,BRFSS,Health-Related Social Needs,Housing insecurity in the past 12 months among adults,Housing Insecurity,HOUSINSECU,9.5,8.3,10.8,%,Crude prevalence,26925,32520,38.579422,-75.277196
2023,19966,19966,ZCTA,Sussex,BRFSS,Health-Related Social Needs,Lack of reliable transportation in the past 12 months among adults,Transportation Barriers,LACKTRPT,6.8,6.1,7.6,%,Crude prevalence,26925,32520,38.579422,-75.277196
2023,19966,19966,ZCTA,Sussex,BRFSS,Health-Related Social Needs,Lack of social and emotional support among adults,Lack of Social/Emotional Support,EMOTIONSPT,19.5,17.0,22.3,%,Crude prevalence,26925,32520,38.579422,-75.277196
2023,19966,19966,ZCTA,Sussex,BRFSS,Health-Related Social Needs,Loneliness among adults,Loneliness,LONELINESS,29.4,26.0,33.1,%,Crude prevalence,26925,32520,38.579422,-75.277196
2023,19966,19966,ZCTA,Sussex,BRFSS,Health-Related Social Needs,Received food stamps in the past 12 months among adults,Food Stamps,FOODSTAMP,11.0,9.4,12.7,%,Crude prevalence,26925,32520,38.579422,-75.277196
2023,19966,19966,ZCTA,Sussex,BRFSS,Health-Related Social Needs,Utility services shut-off threat in the past 12 months among adults,Utility Services Threat,SHUTUTILITY,6.4,5.6,7.3,%,Crude prevalence,26925,32520,38.579422,-75.277196
2023,19967,19967,ZCTA,Sussex,BRFSS,Health-Related Social Needs,Food insecurity in the past 12 months among adults,Food Insecurity,FOODINSECU,7.6,5.9,9.8,%,Crude prevalence,1664,1802,38.5397161,-75.1208459
2023,19967,19967,ZCTA,Sussex,BRFSS,Health-Related Social Needs,Housing insecurity in the past 12 months among adults,Housing Insecurity,HOUSINSECU,5.4,4.3,6.6,%,Crude prevalence,1664,1802,38.5397161,-75.1208459
2023,19967,19967,ZCTA,Sussex,BRFSS,Health-Related Social Needs,Lack of reliable transportation in the past 12 months among adults,Transportation Barriers,LACKTRPT,4.2,3.5,5.1,%,Crude prevalence,1664,1802,38.5397161,-75.1208459
2023,19967,19967,ZCTA,Sussex,BRFSS,Health-Related Social Needs,Lack of social and emotional support among adults,Lack of Social/Emotional Support,EMOTIONSPT,16.1,13.4,19.0,%,Crude prevalence,1664,1802,38.5397161,-75.1208459
2023,19967,19967,ZCTA,Sussex,BRFSS,Health-Related Social Needs,Loneliness among adults,Loneliness,LONELINESS,25.5,22.1,29.3,%,Crude prevalence,1664,1802,38.5397161,-75.1208459
2023,19967,19967,ZCTA,Sussex,BRFSS,Health-Related Social Needs,Received food stamps in the past 12 months among adults,Food Stamps,FOODSTAMP,6.1,4.5,8.1,%,Crude prevalence,1664,1802,38.5397161,-75.1208459
2023,19967,19967,ZCTA,Sussex,BRFSS,Health-Related Social Needs,Utility services shut-off threat in the past 12 months among adults,Utility Services Threat,SHUTUTILITY,3.7,3.0,4.5,%,Crude prevalence,1664,1802,38.5397161,-75.1208459
2023,19968,19968,ZCTA,Sussex,BRFSS,Health-Related Social Needs,Food insecurity in the past 12 months among adults,Food Insecurity,FOODINSECU,10.1,8.7,11.6,%,Crude prevalence,11480,13800,38.7829203,-75.2798022
2023,19968,19968,ZCTA,Sussex,BRFSS,Health-Related Social Needs,Housing insecurity in the past 12 months among adults,Housing Insecurity,HOUSINSECU,7.7,6.6,8.8,%,Crude prevalence,11480,13800,38.7829203,-75.2798022
2023,19968,19968,ZCTA,Sussex,BRFSS,Health-Related Social Needs,Lack of reliable transportation in the past 12 months among adults,Transportation Barriers,LACKTRPT,5.5,4.8,6.2,%,Crude prevalence,11480,13800,38.7829203,-75.2798022
2023,19968,19968,ZCTA,Sussex,BRFSS,Health-Related Social Needs,Lack of social and emotional support among adults,Lack of Social/Emotional Support,EMOTIONSPT,17.9,15.5,20.6,%,Crude prevalence,11480,13800,38.7829203,-75.2798022
2023,19968,19968,ZCTA,Sussex,BRFSS,Health-Related Social Needs,Loneliness among adults,Loneliness,LONELINESS,27.9,24.5,31.5,%,Crude prevalence,11480,13800,38.7829203,-75.2798022
2023,19968,19968,ZCTA,Sussex,BRFSS,Health-Related Social Needs,Received food stamps in the past 12 months among adults,Food Stamps,FOODSTAMP,8.3,6.9,9.8,%,Crude prevalence,11480,13800,38.7829203,-75.2798022
2023,19968,19968,ZCTA,Sussex,BRFSS,Health-Related Social Needs,Utility services shut-off threat in the past 12 months among adults,Utility Services Threat,SHUTUTILITY,5.2,4.5,5.9,%,Crude prevalence,11480,13800,38.7829203,-75.2798022
2023,19970,19970,ZCTA,Sussex,BRFSS,Health-Related Social Needs,Food insecurity in the past 12 months among adults,Food Insecurity,FOODINSECU,7.8,6.4,9.4,%,Crude prevalence,7701,8591,38.5549727,-75.0994048
2023,19970,19970,ZCTA,Sussex,BRFSS,Health-Related Social Needs,Housing insecurity in the past 12 months among adults,Housing Insecurity,HOUSINSECU,5.4,4.5,6.3,%,Crude prevalence,7701,8591,38.5549727,-75.0994048
2023,19970,19970,ZCTA,Sussex,BRFSS,Health-Related Social Needs,Lack of reliable transportation in the past 12 months among adults,Transportation Barriers,LACKTRPT,4.4,3.8,5.0,%,Crude prevalence,7701,8591,38.5549727,-75.0994048
2023,19970,19970,ZCTA,Sussex,BRFSS,Health-Related Social Needs,Lack of social and emotional support among adults,Lack of Social/Emotional Support,EMOTIONSPT,15.7,13.3,18.2,%,Crude prevalence,7701,8591,38.5549727,-75.0994048
2023,19970,19970,ZCTA,Sussex,BRFSS,Health-Related Social Needs,Loneliness among adults,Loneliness,LONELINESS,25.4,22.1,28.8,%,Crude prevalence,7701,8591,38.5549727,-75.0994048
2023,19970,19970,ZCTA,Sussex,BRFSS,Health-Related Social Needs,Received food stamps in the past 12 months among adults,Food Stamps,FOODSTAMP,6.5,5.1,8.1,%,Crude prevalence,7701,8591,38.5549727,-75.0994048
2023,19970,19970,ZCTA,Sussex,BRFSS,Health-Related Social Needs,Utility services shut-off threat in the past 12 months among adults,Utility Services Threat,SHUTUTILITY,3.8,3.2,4.5,%,Crude prevalence,7701,8591,38.5549727,-75.0994048
2023,19971,19971,ZCTA,Sussex,BRFSS,Health-Related Social Needs,Food insecurity in the past 12 months among adults,Food Insecurity,FOODINSECU,6.0,5.1,7.1,%,Crude prevalence,12899,14348,38.6945036,-75.0996997
2023,19971,19971,ZCTA,Sussex,BRFSS,Health-Related Social Needs,Housing insecurity in the past 12 months among adults,Housing Insecurity,HOUSINSECU,4.9,4.1,5.6,%,Crude prevalence,12899,14348,38.6945036,-75.0996997
2023,19971,19971,ZCTA,Sussex,BRFSS,Health-Related Social Needs,Lack of reliable transportation in the past 12 months among adults,Transportation Barriers,LACKTRPT,3.7,3.2,4.2,%,Crude prevalence,12899,14348,38.6945036,-75.0996997
2023,19971,19971,ZCTA,Sussex,BRFSS,Health-Related Social Needs,Lack of social and emotional support among adults,Lack of Social/Emotional Support,EMOTIONSPT,15.3,13.2,17.8,%,Crude prevalence,12899,14348,38.6945036,-75.0996997
2023,19971,19971,ZCTA,Sussex,BRFSS,Health-Related Social Needs,Loneliness among adults,Loneliness,LONELINESS,25.2,22.1,28.5,%,Crude prevalence,12899,14348,38.6945036,-75.0996997
2023,19971,19971,ZCTA,Sussex,BRFSS,Health-Related Social Needs,Received food stamps in the past 12 months among adults,Food Stamps,FOODSTAMP,4.4,3.6,5.4,%,Crude prevalence,12899,14348,38.6945036,-75.0996997
2023,19971,19971,ZCTA,Sussex,BRFSS,Health-Related Social Needs,Utility services shut-off threat in the past 12 months among adults,Utility Services Threat,SHUTUTILITY,3.3,2.8,3.8,%,Crude prevalence,12899,14348,38.6945036,-75.0996997
2023,19973,19973,ZCTA,Sussex,BRFSS,Health-Related Social Needs,Food insecurity in the past 12 months among adults,Food Insecurity,FOODINSECU,19.9,17.7,22.1,%,Crude prevalence,19726,25550,38.6344621,-75.6235719
2023,19973,19973,ZCTA,Sussex,BRFSS,Health-Related Social Needs,Housing insecurity in the past 12 months among adults,Housing Insecurity,HOUSINSECU,14.6,12.9,16.4,%,Crude prevalence,19726,25550,38.6344621,-75.6235719
2023,19973,19973,ZCTA,Sussex,BRFSS,Health-Related Social Needs,Lack of reliable transportation in the past 12 months among adults,Transportation Barriers,LACKTRPT,10.0,8.9,11.1,%,Crude prevalence,19726,25550,38.6344621,-75.6235719
2023,19973,19973,ZCTA,Sussex,BRFSS,Health-Related Social Needs,Lack of social and emotional support among adults,Lack of Social/Emotional Support,EMOTIONSPT,23.1,20.3,26.2,%,Crude prevalence,19726,25550,38.6344621,-75.6235719
2023,19973,19973,ZCTA,Sussex,BRFSS,Health-Related Social Needs,Loneliness among adults,Loneliness,LONELINESS,32.6,29.1,36.4,%,Crude prevalence,19726,25550,38.6344621,-75.6235719
2023,19973,19973,ZCTA,Sussex,BRFSS,Health-Related Social Needs,Received food stamps in the past 12 months among adults,Food Stamps,FOODSTAMP,17.9,15.7,20.4,%,Crude prevalence,19726,25550,38.6344621,-75.6235719
2023,19973,19973,ZCTA,Sussex,BRFSS,Health-Related Social Needs,Utility services shut-off threat in the past 12 months among adults,Utility Services Threat,SHUTUTILITY,10.0,8.8,11.3,%,Crude prevalence,19726,25550,38.6344621,-75.6235719
2023,19975,19975,ZCTA,Sussex,BRFSS,Health-Related Social Needs,Food insecurity in the past 12 months among adults,Food Insecurity,FOODINSECU,8.8,7.6,10.3,%,Crude prevalence,9182,10476,38.4683272,-75.1668798
2023,19975,19975,ZCTA,Sussex,BRFSS,Health-Related Social Needs,Housing insecurity in the past 12 months among adults,Housing Insecurity,HOUSINSECU,6.7,5.7,7.7,%,Crude prevalence,9182,10476,38.4683272,-75.1668798
2023,19975,19975,ZCTA,Sussex,BRFSS,Health-Related Social Needs,Lack of reliable transportation in the past 12 months among adults,Transportation Barriers,LACKTRPT,4.8,4.2,5.5,%,Crude prevalence,9182,10476,38.4683272,-75.1668798
2023,19975,19975,ZCTA,Sussex,BRFSS,Health-Related Social Needs,Lack of social and emotional support among adults,Lack of Social/Emotional Support,EMOTIONSPT,17.5,15.1,20.1,%,Crude prevalence,9182,10476,38.4683272,-75.1668798
2023,19975,19975,ZCTA,Sussex,BRFSS,Health-Related Social Needs,Loneliness among adults,Loneliness,LONELINESS,26.9,23.6,30.5,%,Crude prevalence,9182,10476,38.4683272,-75.1668798
2023,19975,19975,ZCTA,Sussex,BRFSS,Health-Related Social Needs,Received food stamps in the past 12 months among adults,Food Stamps,FOODSTAMP,6.8,5.6,8.0,%,Crude prevalence,9182,10476,38.4683272,-75.1668798
2023,19975,19975,ZCTA,Sussex,BRFSS,Health-Related Social Needs,Utility services shut-off threat in the past 12 months among adults,Utility Services Threat,SHUTUTILITY,4.3,3.7,5.0,%,Crude prevalence,9182,10476,38.4683272,-75.1668798
2023,19977,19977,ZCTA,Sussex,BRFSS,Health-Related Social Needs,Food insecurity in the past 12 months among adults,Food Insecurity,FOODINSECU,15.0,13.4,16.8,%,Crude prevalence,21311,27505,39.2989462,-75.5461219
2023,19977,19977,ZCTA,Sussex,BRFSS,Health-Related Social Needs,Housing insecurity in the past 12 months among adults,Housing Insecurity,HOUSINSECU,13.6,12.2,15.2,%,Crude prevalence,21311,27505,39.2989462,-75.5461219
2023,19977,19977,ZCTA,Sussex,BRFSS,Health-Related Social Needs,Lack of reliable transportation in the past 12 months among adults,Transportation Barriers,LACKTRPT,8.2,7.4,9.1,%,Crude prevalence,21311,27505,39.2989462,-75.5461219
2023,19977,19977,ZCTA,Sussex,BRFSS,Health-Related Social Needs,Lack of social and emotional support among adults,Lack of Social/Emotional Support,EMOTIONSPT,23.9,21.2,26.8,%,Crude prevalence,21311,27505,39.2989462,-75.5461219
2023,19977,19977,ZCTA,Sussex,BRFSS,Health-Related Social Needs,Loneliness among adults,Loneliness,LONELINESS,34.6,31.1,38.2,%,Crude prevalence,21311,27505,39.2989462,-75.5461219
2023,19977,19977,ZCTA,Sussex,BRFSS,Health-Related Social Needs,Received food stamps in the past 12 months among adults,Food Stamps,FOODSTAMP,13.1,11.4,15.0,%,Crude prevalence,21311,27505,39.2989462,-75.5461219
2023,19977,19977,ZCTA,Sussex,BRFSS,Health-Related Social Needs,Utility services shut-off threat in the past 12 months among adults,Utility Services Threat,SHUTUTILITY,8.4,7.5,9.5,%,Crude prevalence,21311,27505,39.2989462,-75.5461219
2023,19979,19979,ZCTA,Sussex,BRFSS,Health-Related Social Needs,Food insecurity in the past 12 months among adults,Food Insecurity,FOODINSECU,14.1,11.7,16.7,%,Crude prevalence,581,722,39.0503674,-75.5764624
2023,19979,19979,ZCTA,Sussex,BRFSS,Health-Related Social Needs,Housing insecurity in the past 12 months among adults,Housing Insecurity,HOUSINSECU,11.9,10.0,13.8,%,Crude prevalence,581,722,39.0503674,-75.5764624
2023,19979,19979,ZCTA,Sussex,BRFSS,Health-Related Social Needs,Lack of reliable transportation in the past 12 months among adults,Transportation Barriers,LACKTRPT,7.8,6.7,9.1,%,Crude prevalence,581,722,39.0503674,-75.5764624
2023,19979,19979,ZCTA,Sussex,BRFSS,Health-Related Social Needs,Lack of social and emotional support among adults,Lack of Social/Emotional Support,EMOTIONSPT,21.6,18.6,25.0,%,Crude prevalence,581,722,39.0503674,-75.5764624
2023,19979,19979,ZCTA,Sussex,BRFSS,Health-Related Social Needs,Loneliness among adults,Loneliness,LONELINESS,33.9,30.0,38.2,%,Crude prevalence,581,722,39.0503674,-75.5764624
2023,19979,19979,ZCTA,Sussex,BRFSS,Health-Related Social Needs,Received food stamps in the past 12 months among adults,Food Stamps,FOODSTAMP,13.0,10.6,15.8,%,Crude prevalence,581,722,39.0503674,-75.5764624
2023,19979,19979,ZCTA,Sussex,BRFSS,Health-Related Social Needs,Utility services shut-off threat in the past 12 months among adults,Utility Services Threat,SHUTUTILITY,7.4,6.3,8.6,%,Crude prevalence,581,722,39.0503674,-75.5764624
2023,19980,19980,ZCTA,Sussex,BRFSS,Health-Related Social Needs,Food insecurity in the past 12 months among adults,Food Insecurity,FOODINSECU,13.3,10.9,16.0,%,Crude prevalence,200,235,39.0735222,-75.5701686
2023,19980,19980,ZCTA,Sussex,BRFSS,Health-Related Social Needs,Housing insecurity in the past 12 months among adults,Housing Insecurity,HOUSINSECU,11.0,9.2,13.0,%,Crude prevalence,200,235,39.0735222,-75.5701686
2023,19980,19980,ZCTA,Sussex,BRFSS,Health-Related Social Needs,Lack of reliable transportation in the past 12 months among adults,Transportation Barriers,LACKTRPT,7.5,6.4,8.9,%,Crude prevalence,200,235,39.0735222,-75.5701686
2023,19980,19980,ZCTA,Sussex,BRFSS,Health-Related Social Needs,Lack of social and emotional support among adults,Lack of Social/Emotional Support,EMOTIONSPT,21.2,18.3,24.5,%,Crude prevalence,200,235,39.0735222,-75.5701686
2023,19980,19980,ZCTA,Sussex,BRFSS,Health-Related Social Needs,Loneliness among adults,Loneliness,LONELINESS,33.4,29.7,37.5,%,Crude prevalence,200,235,39.0735222,-75.5701686
2023,19980,19980,ZCTA,Sussex,BRFSS,Health-Related Social Needs,Received food stamps in the past 12 months among adults,Food Stamps,FOODSTAMP,11.9,9.4,14.7,%,Crude prevalence,200,235,39.0735222,-75.5701686
2023,19980,19980,ZCTA,Sussex,BRFSS,Health-Related Social Needs,Utility services shut-off threat in the past 12 months among adults,Utility Services Threat,SHUTUTILITY,6.9,5.8,8.2,%,Crude prevalence,200,235,39.0735222,-75.5701686
