ZCTA5CE20,AFFGEOID20,GEOID20,NAME20,LSAD20,ALAND20,AWATER20
19701,860Z200US19701,19701,19701,Z5,68820993,2041422
19702,860Z200US19702,19702,19702,Z5,72751909,637534
19703,860Z200US19703,19703,19703,Z5,10283832,2863836
19706,860Z200US19706,19706,19706,Z5,6555248,3794943
19707,860Z200US19707,19707,19707,Z5,34141661,60355
19709,860Z200US19709,19709,19709,Z5,201107215,15671695
19710,860Z200US19710,19710,19710,Z5,1250691,0
19711,860Z200US19711,19711,19711,Z5,70982873,10139
19713,860Z200US19713,19713,19713,Z5,33674265,12258
19716,860Z200US19716,19716,19716,Z5,1616341,0
19717,860Z200US19717,19717,19717,Z5,668372,0
19720,860Z200US19720,19720,19720,Z5,99205238,7967444
19730,860Z200US19730,19730,19730,Z5,1747198,83463
19731,860Z200US19731,19731,19731,Z5,6545195,476654
19732,860Z200US19732,19732,19732,Z5,4551207,0
19733,860Z200US19733,19733,19733,Z5,284506,0
19734,860Z200US19734,19734,19734,Z5,206831626,10091005
19735,860Z200US19735,19735,19735,Z5,1163676,0
19736,860Z200US19736,19736,19736,Z5,392108,0
19801,860Z200US19801,19801,19801,Z5,11387006,2882427
19802,860Z200US19802,19802,19802,Z5,9023181,143910
19803,860Z200US19803,19803,19803,Z5,32787508,25744
19804,860Z200US19804,19804,19804,Z5,18586023,171658
19805,860Z200US19805,19805,19805,Z5,14291385,0
19806,860Z200US19806,19806,19806,Z5,4414833,58498
19807,860Z200US19807,19807,19807,Z5,47050144,887554
19808,860Z200US19808,19808,19808,Z5,35614567,1654
19809,860Z200US19809,19809,19809,Z5,17498943,4102426
19810,860Z200US19810,19810,19810,Z5,20453661,0
19901,860Z200US19901,19901,19901,Z5,196320146,24432810
19902,860Z200US19902,19902,19902,Z5,10221874,0
19904,860Z200US19904,19904,19904,Z5,111853300,849041
19930,860Z200US19930,19930,19930,Z5,15171699,12242516
19931,860Z200US19931,19931,19931,Z5,3091195,0
19933,860Z200US19933,19933,19933,Z5,174196048,472583
19934,860Z200US19934,19934,19934,Z5,120663169,50275
19936,860Z200US19936,19936,19936,Z5,532786,0
19938,860Z200US19938,19938,19938,Z5,124858877,0
19939,860Z200US19939,19939,19939,Z5,67263443,15221451
19940,860Z200US19940,19940,19940,Z5,106992523,235
19941,860Z200US19941,19941,19941,Z5,78452370,164966
19943,860Z200US19943,19943,19943,Z5,161706335,1126131
19944,860Z200US19944,19944,19944,Z5,3218022,2728230
19945,860Z200US19945,19945,19945,Z5,161408619,4568235
19946,860Z200US19946,19946,19946,Z5,59753720,661738
19947,860Z200US19947,19947,19947,Z5,308773039,466228
19950,860Z200US19950,19950,19950,Z5,187493503,7806
19951,860Z200US19951,19951,19951,Z5,23133237,328929
19952,860Z200US19952,19952,19952,Z5,235580771,291306
19953,860Z200US19953,19953,19953,Z5,77428741,21319
19954,860Z200US19954,19954,19954,Z5,25300849,110081
19955,860Z200US19955,19955,19955,Z5,256381,0
19956,860Z200US19956,19956,19956,Z5,260035756,2589667
19958,860Z200US19958,19958,19958,Z5,122437580,21722316
19960,860Z200US19960,19960,19960,Z5,78446712,723134
19962,860Z200US19962,19962,19962,Z5,37845926,185701
19963,860Z200US19963,19963,19963,Z5,272260978,21010646
19964,860Z200US19964,19964,19964,Z5,21022341,124382
19966,860Z200US19966,19966,19966,Z5,230708181,21345961
19967,860Z200US19967,19967,19967,Z5,4216009,0
19968,860Z200US19968,19968,19968,Z5,165498890,5505894
19970,860Z200US19970,19970,19970,Z5,24151664,2755878
19971,860Z200US19971,19971,19971,Z5,46520025,29087333
19973,860Z200US19973,19973,19973,Z5,217548915,5211460
19975,860Z200US19975,19975,19975,Z5,66138389,4512947
19977,860Z200US19977,19977,19977,Z5,215243869,13926279
19979,860Z200US19979,19979,19979,Z5,8503310,0
19980,860Z200US19980,19980,19980,Z5,602581,0
