DP05_0001E,DP05_0018E,DP05_0024PE,DP03_0062E,DP03_0128PE,DP03_0099PE,DP03_0021PE,DP02_0154PE,DP02_0114PE,zip code tabulation area
42984,42.1,15.3,111198,7.0,6.3,1.9,93.6,22.2,19701
55683,37.2,13.1,92446,7.9,7.4,2.0,94.2,26.4,19702
15460,39.0,16.0,76939,10.1,5.0,2.0,91.3,17.6,19703
2038,40.4,21.3,83681,6.1,4.6,0.7,87.7,2.2,19706
17376,46.0,24.8,172696,2.4,3.2,0.8,96.2,12.0,19707
53234,40.2,16.5,132956,5.0,2.4,0.6,97.1,12.4,19709
0,-666666666.0,-666666666.0,-666666666,-666666666.0,-666666666.0,-666666666.0,-666666666.0,-666666666.0,19710
49432,34.7,17.4,95403,15.4,3.8,1.2,94.4,17.3,19711
30747,39.0,16.7,76493,12.4,7.7,2.9,92.2,24.0,19713
0,-666666666.0,-666666666.0,-666666666,-666666666.0,-666666666.0,-666666666.0,-666666666.0,-666666666.0,19716
6036,19.3,0.0,-666666666,-666666666.0,2.3,2.8,-666666666.0,10.4,19717
62392,39.7,15.8,75403,10.9,8.7,3.1,92.2,19.0,19720
425,43.7,25.6,112083,1.9,8.2,0.0,88.1,7.5,19730
655,66.1,50.8,71282,4.3,5.0,0.0,100.0,0.0,19731
89,70.1,51.7,236000,30.3,0.0,0.0,100.0,0.0,19732
186,51.2,12.9,82604,0.0,12.9,0.0,100.0,45.2,19733
14214,37.5,15.4,127803,5.5,3.2,1.4,94.3,6.7,19734
0,-666666666.0,-666666666.0,-666666666,-666666666.0,-666666666.0,-666666666.0,-666666666.0,-666666666.0,19735
127,53.5,34.6,-666666666,0.0,0.0,0.0,100.0,0.0,19736
16327,35.3,9.9,52810,25.4,6.7,10.7,86.2,15.5,19801
26051,36.8,14.9,53812,22.0,7.1,7.7,89.1,7.3,19802
22279,46.4,24.0,135218,2.0,3.5,0.3,96.3,9.4,19803
18779,41.5,16.1,79701,8.5,5.5,1.8,92.5,15.5,19804
41402,35.5,13.7,60221,19.6,11.4,5.7,89.9,25.1,19805
9777,50.3,27.7,88855,9.9,3.3,1.6,88.8,10.1,19806
7815,54.0,34.0,153341,4.1,1.5,2.6,98.0,19.4,19807
39082,42.6,19.6,94234,5.4,8.2,0.9,94.3,21.2,19808
14311,38.6,16.8,81288,12.2,2.2,3.0,96.0,7.5,19809
26530,45.3,25.4,112775,4.6,2.1,3.5,95.0,10.8,19810
37763,33.6,17.1,66388,14.2,6.3,1.2,90.6,10.2,19901
44,21.6,0.0,-666666666,-666666666.0,-666666666.0,0.0,-666666666.0,18.2,19902
38818,39.8,18.9,66908,14.2,7.8,1.1,92.6,14.2,19904
3014,67.2,62.1,125491,2.5,1.6,0.3,95.2,8.7,19930
375,54.5,22.7,99375,0.5,2.7,0.0,80.7,17.9,19931
10597,41.6,22.1,60703,19.2,11.2,0.3,84.3,21.0,19933
14061,39.2,20.0,87125,7.0,7.6,0.8,88.8,16.7,19934
152,54.5,25.7,34135,11.2,2.0,0.0,62.7,31.1,19936
9561,39.4,13.5,99596,6.0,5.6,0.4,90.5,7.3,19938
7490,57.9,36.7,89806,5.4,6.2,0.7,92.6,3.3,19939
7540,41.8,17.4,65024,14.0,8.5,0.0,82.7,10.6,19940
3435,34.4,11.4,75139,16.1,11.9,0.0,93.5,9.6,19941
13410,45.2,19.6,73925,8.5,4.7,0.0,91.6,3.4,19943
636,69.8,64.3,121250,1.9,1.6,0.0,92.9,1.1,19944
9640,58.9,36.4,87638,12.5,11.7,0.4,93.3,13.6,19945
5603,47.7,17.5,80459,8.1,4.2,0.7,93.3,4.5,19946
20760,37.9,18.7,71229,11.7,17.2,0.7,86.8,32.0,19947
7918,44.9,18.3,75305,6.1,7.8,0.0,90.9,7.3,19950
2245,54.1,30.9,95546,8.2,4.0,0.0,95.2,6.4,19951
10908,36.4,17.2,76791,7.1,5.5,0.0,92.0,7.6,19952
5255,33.6,13.1,81792,6.2,22.3,0.0,80.0,11.4,19953
1427,41.2,28.3,60345,26.3,2.4,0.0,89.0,2.9,19954
352,14.1,7.7,44634,3.1,0.6,0.0,94.7,0.0,19955
16327,37.8,17.9,65603,15.0,5.1,1.7,85.4,13.6,19956
31938,62.1,42.4,97197,6.0,3.1,0.2,93.8,8.2,19958
6774,38.4,15.3,67200,9.7,6.0,0.0,97.3,18.1,19960
13770,39.7,17.7,104260,5.9,3.7,2.9,94.5,13.0,19962
23500,42.7,22.5,71108,11.9,4.5,1.3,88.7,16.2,19963
1418,40.5,9.8,99402,4.6,27.7,0.4,68.6,25.7,19964
35884,53.9,32.9,78305,11.8,7.8,0.6,91.6,13.2,19966
2376,64.9,49.7,98301,5.9,3.7,0.5,96.3,5.9,19967
15486,53.8,32.7,87163,9.4,4.2,0.0,94.3,9.0,19968
8524,63.9,48.1,94103,12.6,3.9,0.0,93.3,6.3,19970
14886,61.7,42.0,102146,7.7,2.8,0.6,95.2,5.9,19971
26834,41.3,20.1,64387,16.7,7.4,0.4,89.7,14.3,19973
10862,59.6,39.7,88568,4.4,7.8,0.1,93.2,12.3,19975
27704,38.1,19.4,76826,9.5,4.9,0.9,93.6,10.4,19977
619,39.6,14.4,72361,8.4,18.0,0.0,87.4,9.9,19979
268,38.4,16.0,85272,29.9,11.6,0.0,95.4,0.0,19980
