CensusTractFIPS,CountyName,CountyFIPS,TotalPopulation,TotalPop18plus,Latitude,Longitude,Pct_All_Teeth_Lost,Pct_Annual_Checkup,Pct_Any_Disability,Pct_Arthritis,Pct_Binge_Drinking,Pct_COPD,Pct_Cancer_(non_skin)_or_Melanoma,Pct_Cholesterol_Screening,Pct_Cognitive_Disability,Pct_Colorectal_Cancer_Screening,Pct_Coronary_Heart_Disease,Pct_Current_Asthma,Pct_Current_Cigarette_Smoking,Pct_Dental_Visit,Pct_Depression,Pct_Diabetes,Pct_Food_Insecurity,Pct_Food_Stamps,Pct_Frequent_Mental_Distress,Pct_Frequent_Physical_Distress,Pct_General_Health,Pct_Health_Insurance,Pct_Hearing_Disability,Pct_High_Blood_Pressure,Pct_High_Blood_Pressure_Medication,Pct_High_Cholesterol,Pct_Housing_Insecurity,Pct_Independent_Living_Disability,Pct_Lack_of_Social_Emotional_Support,Pct_Loneliness,Pct_Mammography,Pct_Mobility_Disability,Pct_Obesity,Pct_Physical_Inactivity,Pct_Self_care_Disability,Pct_Short_Sleep_Duration,Pct_Stroke,Pct_Transportation_Barriers,Pct_Utility_Services_Threat,Pct_Vision_Disability
10001040100,Kent,10001,7315,5611,39.2372835,-75.6947414,12.4,81.2,35.7,31.1,13.9,8.8,9.2,86.3,15.4,65.6,7.1,12.6,15.9,61.3,24.8,14.1,14.1,13.0,18.4,15.7,21.6,9.0,7.4,39.4,77.8,41.1,12.0,9.1,21.6,33.8,71.7,17.1,43.4,31.8,4.2,39.0,3.9,7.8,7.5,5.3
10001040201,Kent,10001,5446,4042,39.2908408,-75.6375081,12.7,80.7,31.0,25.8,14.9,6.1,7.2,86.4,14.2,65.9,5.0,12.6,13.1,63.9,23.6,11.7,13.5,11.6,18.3,13.1,18.0,8.3,5.2,35.1,74.7,36.4,13.0,7.7,23.1,35.3,76.0,13.3,42.9,28.2,3.3,41.0,3.0,7.6,7.9,4.3
10001040203,Kent,10001,5182,3975,39.2858685,-75.550836,18.0,83.1,36.5,31.5,12.0,8.4,8.9,87.4,15.0,64.5,7.1,12.9,14.8,57.7,22.6,15.4,17.1,16.0,18.0,15.4,22.5,9.6,7.1,42.1,79.1,40.6,14.9,9.4,23.7,35.1,73.9,18.1,45.1,33.9,4.4,41.8,4.2,9.0,9.4,5.8
10001040204,Kent,10001,6451,4663,39.284473,-75.6213257,11.9,81.7,30.4,26.1,14.1,5.8,7.4,87.6,13.2,65.7,5.2,12.3,12.3,64.0,21.8,12.1,12.9,10.7,17.1,12.7,17.7,8.1,5.3,36.3,76.0,37.2,12.5,7.3,23.7,35.1,75.5,13.4,41.9,27.8,3.2,41.3,3.1,7.2,7.3,4.3
10001040205,Kent,10001,4699,3533,39.2762771,-75.6005068,11.6,82.1,34.2,28.5,13.1,7.1,8.0,86.9,14.7,66.2,6.1,12.9,13.4,60.4,22.8,13.7,15.7,13.8,18.1,14.3,20.5,9.5,6.2,38.7,77.2,38.5,14.5,8.7,24.1,35.9,74.5,15.9,43.7,31.0,3.9,42.0,3.7,8.6,8.7,5.2
10001040206,Kent,10001,7643,5825,39.2496199,-75.612872,10.4,84.0,28.9,28.3,12.8,5.6,9.0,90.2,11.1,70.8,5.7,11.8,10.0,71.6,19.9,12.8,10.5,8.3,14.8,12.0,16.2,6.8,5.7,38.7,79.4,39.6,10.3,6.4,21.8,33.0,77.2,13.3,40.3,26.0,3.0,37.8,3.3,5.9,6.1,3.9
10001040501,Kent,10001,4605,3611,39.1995839,-75.5439014,18.8,83.2,39.7,31.7,11.2,9.3,8.1,86.1,16.4,65.6,8.0,13.2,15.9,56.7,21.8,17.9,22.3,21.6,18.4,16.6,26.3,11.7,7.5,44.6,79.7,40.7,18.1,11.0,25.2,36.2,72.5,20.9,47.1,37.5,5.6,43.3,4.9,11.4,11.9,7.5
10001040502,Kent,10001,2645,2038,39.221079,-75.5325177,15.5,84.0,36.5,32.3,11.4,8.0,9.9,88.6,13.9,69.3,7.7,12.4,12.7,61.2,20.9,15.6,15.3,13.2,16.6,14.9,21.5,9.7,7.9,43.0,80.7,41.5,13.6,8.9,23.7,34.9,74.6,18.3,43.1,33.0,4.2,40.4,4.4,8.2,8.2,5.6
10001040700,Kent,10001,5461,4265,39.1745533,-75.5639418,17.4,84.9,34.5,32.5,11.0,7.5,10.2,89.6,12.6,70.2,7.3,12.4,11.0,60.0,20.3,15.4,13.4,11.7,15.4,14.1,20.0,8.2,7.4,42.8,81.4,41.9,11.9,8.3,22.1,33.5,75.8,17.6,41.5,30.3,4.0,40.9,4.3,7.5,7.4,5.3
10001040900,Kent,10001,2374,2045,39.1686684,-75.5256038,21.2,83.2,42.5,33.5,11.2,10.9,9.7,84.0,17.5,65.6,9.2,13.3,14.9,55.6,23.9,17.8,20.8,21.0,19.1,17.2,26.6,10.9,9.2,44.0,79.8,41.6,15.5,12.3,22.4,35.6,72.7,22.1,44.8,37.0,5.8,40.7,5.3,11.7,10.7,8.0
10001041000,Kent,10001,7443,5657,39.1588788,-75.4716822,19.1,80.7,38.7,26.4,12.6,8.1,6.2,82.4,18.1,62.7,6.3,13.5,16.0,52.4,23.5,15.0,24.8,24.1,20.5,15.7,25.5,13.0,6.2,38.8,74.5,36.2,20.4,11.3,25.9,38.3,72.7,18.0,46.9,36.5,5.1,44.1,4.0,13.1,13.3,7.3
10001041101,Kent,10001,2816,1805,39.1177435,-75.4849264,11.3,74.4,27.0,12.6,19.3,3.3,2.9,78.7,15.9,57.9,2.1,12.0,10.9,58.1,26.2,5.5,14.4,12.0,20.8,9.9,14.5,9.9,3.1,21.0,52.8,24.4,14.1,7.1,22.3,38.2,74.8,6.6,39.4,23.0,2.0,42.2,1.3,9.0,8.4,3.5
10001041200,Kent,10001,4368,3262,39.1270085,-75.5017998,15.7,83.4,34.1,29.6,11.8,7.1,8.3,88.1,13.6,66.0,6.7,12.4,12.2,62.8,20.9,15.3,15.6,13.6,16.5,14.2,20.9,9.3,6.6,40.8,79.5,40.2,13.7,8.5,23.2,34.5,73.8,16.8,42.9,31.6,4.1,40.5,4.0,8.4,8.4,5.5
10001041300,Kent,10001,2059,1505,39.1531517,-75.52022,27.5,82.0,44.3,31.6,11.2,11.7,7.3,82.2,20.4,61.9,8.7,14.3,20.5,48.2,25.1,18.8,30.6,33.9,21.8,18.8,31.3,13.3,8.3,44.9,77.0,39.6,23.3,14.3,25.0,37.2,72.1,23.2,51.0,42.0,7.2,45.0,5.3,16.0,17.2,9.7
10001041400,Kent,10001,3839,2982,39.1473957,-75.5435763,25.7,81.4,39.6,27.6,12.1,8.5,5.9,83.1,18.4,62.0,6.6,13.9,17.1,51.8,23.0,16.7,26.5,26.3,20.6,16.2,27.0,12.7,6.0,41.6,75.7,37.1,21.9,11.7,27.1,38.5,73.3,19.4,49.0,37.7,5.7,46.5,4.4,13.8,14.6,7.8
10001041500,Kent,10001,4085,3030,39.1324585,-75.5376546,19.8,82.9,38.1,30.6,11.8,8.6,8.0,86.1,16.0,64.8,7.3,13.2,15.3,54.9,22.7,16.3,20.4,20.3,18.8,15.8,24.1,10.1,7.2,42.7,78.4,39.4,17.3,10.4,24.1,35.6,71.2,19.1,46.9,35.7,5.0,43.7,4.5,10.8,11.6,6.7
10001041600,Kent,10001,2107,1707,39.1249263,-75.525889,14.7,83.8,39.7,35.7,11.3,10.3,11.2,87.8,15.1,69.2,9.3,12.4,14.8,64.7,23.1,17.1,15.6,15.1,17.1,16.9,24.2,9.4,9.6,45.0,81.8,44.1,12.3,10.3,20.9,32.8,72.8,21.2,43.7,35.3,5.0,37.2,5.0,8.4,8.2,6.6
10001041701,Kent,10001,6164,4781,39.1056554,-75.5557419,12.6,82.9,32.7,29.7,12.9,6.9,9.4,88.2,13.0,69.4,6.6,12.2,11.5,65.9,22.0,13.5,12.2,10.4,16.3,13.5,18.5,7.8,6.9,39.0,79.0,40.0,11.3,7.8,21.6,33.6,75.6,15.3,40.9,28.6,3.5,38.4,3.7,7.0,6.9,4.7
10001041702,Kent,10001,4472,3405,39.1075391,-75.5230449,10.0,83.7,31.5,30.0,12.4,6.7,9.2,89.2,12.2,70.9,6.5,11.9,11.4,68.2,20.9,14.2,12.0,10.3,15.4,13.3,18.4,7.3,6.5,40.3,79.9,41.0,10.8,7.4,21.2,32.6,75.9,15.3,41.3,28.3,3.6,38.1,3.7,6.8,6.7,4.6
10001041802,Kent,10001,6720,5103,39.1375473,-75.6031845,11.5,82.0,30.8,26.0,13.7,6.0,7.4,86.8,13.4,67.0,5.4,12.4,11.7,65.7,22.4,12.5,13.6,11.8,17.4,12.7,17.8,7.6,5.4,36.2,76.0,37.1,12.7,7.6,22.4,34.8,76.0,13.4,42.1,27.7,3.3,39.7,3.1,7.9,7.9,4.5
10001041803,Kent,10001,4384,3459,39.2093482,-75.5950637,26.0,83.2,41.1,34.8,11.2,10.8,9.7,86.5,16.6,64.3,9.0,13.1,17.0,52.2,22.9,18.2,20.1,19.4,18.3,17.7,26.9,11.7,8.8,45.5,80.8,43.4,15.8,11.1,23.9,35.1,71.9,22.1,46.0,37.8,5.6,42.1,5.1,10.3,10.2,7.4
10001041804,Kent,10001,5980,4654,39.174332,-75.615896,14.6,82.2,36.7,30.5,12.6,8.7,8.5,85.8,15.7,65.2,7.3,12.9,15.2,60.5,23.6,15.4,17.6,16.9,18.5,15.6,23.0,9.6,7.3,40.9,78.1,40.3,14.6,9.8,22.7,34.8,75.1,18.0,44.8,33.3,4.6,40.5,4.1,9.5,9.6,6.1
10001041900,Kent,10001,5289,4044,39.1439677,-75.7049433,17.6,79.8,39.0,31.3,14.1,9.8,9.1,84.3,17.5,62.3,7.6,12.9,17.8,56.1,25.6,14.1,16.1,14.3,19.7,17.1,24.2,11.4,8.0,39.0,76.9,41.4,13.2,10.3,23.5,36.0,69.0,18.6,43.0,34.6,4.6,39.8,4.0,8.6,7.7,5.9
10001042000,Kent,10001,3064,2380,39.058946,-75.6798594,15.5,80.1,36.3,30.5,14.4,8.9,9.4,85.6,16.0,65.1,7.0,12.7,15.9,61.2,24.8,13.0,13.3,11.1,18.6,15.9,21.6,10.0,7.5,37.7,77.0,41.3,11.3,9.1,23.2,35.6,71.8,16.9,40.7,31.2,4.0,39.0,3.7,7.4,6.4,5.0
10001042100,Kent,10001,3997,3098,39.0693287,-75.6033694,17.4,82.2,36.7,32.4,12.9,9.1,9.6,87.1,15.2,66.0,7.6,12.7,15.4,60.4,24.0,15.1,14.7,13.5,18.0,16.1,22.4,9.1,7.8,41.2,79.3,42.1,12.4,9.4,22.0,33.9,73.2,18.3,43.4,32.6,4.5,39.4,4.2,8.0,7.8,5.7
10001042203,Kent,10001,5705,4255,39.0935078,-75.4962461,10.7,81.6,30.0,26.2,14.0,6.0,8.1,87.4,12.9,67.8,5.4,12.0,11.4,68.9,22.0,11.7,12.0,9.7,16.5,12.5,17.2,8.3,5.7,35.2,76.4,37.9,11.1,7.1,22.1,34.3,75.7,13.0,39.9,27.0,3.0,37.8,3.0,6.8,6.4,4.1
10001042204,Kent,10001,4773,3481,39.0792256,-75.5131318,13.2,81.8,29.3,25.9,14.1,5.7,7.7,88.0,12.6,65.0,5.2,12.0,11.5,63.4,21.7,11.9,11.8,9.6,16.3,12.4,17.0,7.7,5.3,35.6,76.3,37.7,11.3,6.9,22.2,33.9,75.8,12.8,40.8,26.5,3.1,40.0,3.0,6.7,6.7,4.1
10001042205,Kent,10001,3019,2312,39.061909,-75.5440674,25.2,83.0,38.8,32.7,11.9,9.6,9.0,86.4,16.0,61.9,8.0,13.1,16.0,52.3,23.5,17.0,19.4,19.4,18.5,16.6,24.8,10.6,7.9,43.7,79.4,41.3,16.2,10.5,22.8,34.4,70.8,20.0,47.0,35.8,5.2,42.7,4.6,10.3,10.9,6.8
10001042206,Kent,10001,2822,2203,39.0333979,-75.5372694,9.9,82.6,32.1,30.4,13.6,7.2,9.5,88.5,13.1,70.6,6.5,12.2,12.7,68.7,23.0,13.4,11.6,10.0,16.7,13.9,18.4,7.6,6.7,39.0,78.8,41.0,10.7,7.6,20.9,32.7,75.5,15.0,42.0,28.3,3.5,37.4,3.5,6.6,6.6,4.4
10001042207,Kent,10001,2576,1977,39.0688084,-75.4883882,14.0,81.9,35.4,30.0,13.2,8.2,8.2,86.3,15.2,62.8,6.8,12.7,15.0,59.3,23.8,15.0,16.2,15.4,18.2,15.4,22.2,9.0,6.9,40.0,78.0,40.2,13.7,9.3,21.6,33.6,73.0,17.3,44.8,32.3,4.5,41.4,3.9,8.9,9.1,5.9
10001042208,Kent,10001,4016,3108,39.0419509,-75.4818789,11.1,82.8,34.2,31.0,12.8,7.8,9.5,88.1,13.9,67.6,6.9,12.5,13.2,64.9,22.9,14.4,13.8,12.1,16.9,14.8,20.5,8.9,7.1,40.1,79.0,41.3,12.2,8.4,21.3,33.2,73.3,16.5,42.9,30.3,4.0,38.5,3.8,7.7,7.6,5.2
10001042500,Kent,10001,3590,2590,38.9247689,-75.4205956,16.6,81.8,40.4,29.9,11.8,9.6,7.1,84.0,18.0,62.5,7.4,13.5,17.4,53.7,23.6,17.3,25.9,26.6,20.0,17.1,27.7,13.7,7.0,42.5,77.0,39.0,20.9,11.9,24.5,36.3,71.7,20.5,49.4,38.8,5.9,43.9,4.6,13.3,14.3,8.1
10001042801,Kent,10001,2007,1606,38.9865736,-75.6669232,10.4,81.4,31.5,29.5,14.6,7.2,9.9,87.8,13.1,68.7,6.4,11.8,12.9,66.9,23.4,11.9,9.9,8.2,16.3,13.8,17.8,7.5,6.9,36.7,77.7,40.9,8.8,7.3,20.1,32.4,72.7,14.2,39.3,27.0,3.2,36.1,3.3,5.8,5.2,4.1
10001042802,Kent,10001,5612,4350,38.9963371,-75.5589613,13.2,81.9,34.5,30.4,13.5,8.0,9.2,87.0,14.5,66.5,6.9,12.5,13.9,62.4,23.5,13.9,13.9,12.4,17.5,14.8,20.6,8.9,7.1,39.3,78.2,40.6,12.0,8.7,21.7,33.9,74.5,16.5,42.5,30.4,4.0,39.0,3.8,7.7,7.5,5.2
10001042900,Kent,10001,5105,4056,38.903784,-75.5244981,16.5,82.4,39.5,34.5,12.5,10.6,10.3,86.6,16.2,64.6,8.7,12.8,16.7,57.8,24.5,16.5,16.4,15.6,18.4,17.4,24.7,10.2,8.8,43.4,80.1,43.5,13.1,10.4,21.9,33.8,70.2,20.4,44.7,35.1,5.1,39.4,4.7,8.7,8.4,6.4
10001043000,Kent,10001,5414,4110,38.921194,-75.577983,11.9,81.6,34.6,29.7,13.6,7.8,8.9,86.5,14.9,65.7,6.5,12.8,13.8,60.9,24.1,13.3,14.1,12.7,18.1,14.7,20.3,8.9,6.8,38.2,77.3,39.5,12.6,8.8,21.9,34.6,73.7,16.1,42.7,30.4,3.9,39.8,3.7,8.0,7.8,5.1
10001043100,Kent,10001,2573,2087,38.8949961,-75.6713506,13.7,81.9,34.8,31.9,13.8,8.6,10.3,87.2,14.3,65.9,7.3,12.2,14.3,61.1,24.3,13.7,11.6,10.3,17.4,15.3,20.2,7.8,7.8,39.5,78.9,42.3,9.9,8.5,20.4,32.7,69.9,16.6,41.5,30.1,3.9,38.2,3.8,6.6,6.2,4.8
10001043202,Kent,10001,3722,2979,39.1456066,-75.4324489,15.2,81.4,37.1,31.8,13.5,9.4,9.6,86.0,15.7,65.1,7.7,12.5,15.8,58.7,24.7,14.6,14.9,13.9,18.3,16.2,22.6,9.8,8.0,40.2,78.3,41.7,12.3,9.6,21.3,33.7,72.1,18.1,43.3,32.8,4.4,39.4,4.1,8.1,7.8,5.7
10001043300,Kent,10001,6553,5692,39.180221,-75.5466473,22.5,79.6,37.2,19.5,14.2,5.8,5.1,77.2,19.2,65.3,4.7,13.8,10.7,56.8,24.6,10.0,21.0,18.5,22.5,12.7,20.4,9.3,5.3,30.3,66.5,29.1,17.0,11.0,25.5,42.2,72.4,13.1,40.6,29.5,3.7,42.5,2.9,13.4,10.9,6.0
10001043400,Kent,10001,5648,4415,38.9723618,-75.4729061,13.6,83.0,35.3,31.9,12.5,8.1,10.3,88.0,13.7,70.6,7.6,12.1,12.8,63.5,22.5,14.4,13.2,11.6,16.5,14.7,20.5,9.3,8.0,40.8,80.0,41.9,11.4,8.5,21.2,33.4,76.1,17.1,41.6,31.1,3.9,38.2,4.0,7.2,6.9,5.2
10001980000,Kent,10001,108,104,39.124384,-75.4697989,,67.4,31.5,3.9,23.3,1.7,0.7,61.3,20.8,,0.9,10.2,6.8,57.2,23.2,1.7,15.0,8.0,23.2,8.1,13.5,13.3,2.6,11.8,16.9,14.8,11.6,7.7,27.7,46.4,,2.9,29.1,21.1,1.1,38.6,0.5,11.4,5.8,3.7
10003000200,New Castle,10003,5298,4193,39.7645553,-75.5281678,12.4,83.4,34.5,30.2,11.4,7.7,6.8,88.6,14.7,70.1,7.2,12.4,14.2,65.0,19.4,18.6,24.2,24.2,16.8,14.5,24.2,8.8,5.3,46.3,79.9,39.5,19.8,10.3,26.0,33.8,82.0,19.7,42.6,32.4,5.9,39.6,5.2,12.8,14.6,7.4
10003000300,New Castle,10003,3012,2233,39.760877,-75.5391652,21.5,82.2,37.1,28.9,11.4,8.6,5.7,86.3,17.5,62.0,7.0,13.1,17.7,48.1,20.7,18.8,31.3,32.3,19.0,15.8,27.8,10.9,5.1,45.7,77.7,38.0,24.8,12.3,28.4,36.1,78.5,21.0,45.0,36.1,6.9,45.6,5.3,16.2,18.6,8.7
10003000400,New Castle,10003,2957,2436,39.7592744,-75.5480382,10.9,81.3,32.0,29.0,13.5,7.2,7.9,88.3,13.6,68.5,7.1,11.3,12.9,61.0,20.5,15.7,17.6,16.6,15.6,13.6,21.0,8.5,5.8,41.8,78.6,39.8,14.4,8.9,22.8,31.6,79.6,17.1,37.9,28.3,4.8,37.8,4.5,9.7,10.2,6.1
10003000500,New Castle,10003,3453,2515,39.7544822,-75.5399945,13.0,81.7,33.8,26.6,12.3,6.7,5.7,87.3,15.7,64.0,6.0,12.5,14.7,56.1,19.2,16.2,25.3,23.2,17.9,13.9,23.4,10.4,4.5,42.6,77.0,36.7,21.6,10.0,29.9,37.1,82.2,17.7,41.7,32.7,5.1,43.6,4.5,13.0,14.2,6.7
10003000601,New Castle,10003,2773,2035,39.7527181,-75.5289799,23.7,81.6,40.0,28.5,11.4,8.9,5.0,84.6,19.2,59.0,7.3,13.3,19.3,46.5,20.1,19.9,36.4,37.8,20.2,16.5,30.4,12.6,5.1,47.1,76.8,37.0,28.8,13.6,31.4,38.1,74.9,22.6,46.9,39.2,7.7,47.5,5.8,18.8,21.6,9.8
10003000602,New Castle,10003,2876,2134,39.7500708,-75.5369211,22.6,81.8,37.2,28.6,11.5,8.1,5.6,86.7,17.3,56.4,6.8,12.9,17.6,47.4,19.3,18.5,30.8,29.7,18.7,15.6,27.4,12.0,4.9,45.9,77.8,38.0,25.0,11.7,31.5,37.8,78.6,20.8,44.1,36.9,6.4,46.2,5.2,15.3,17.1,8.2
10003000900,New Castle,10003,2267,1563,39.7454293,-75.5406989,28.1,80.2,40.9,26.7,11.5,9.1,4.3,82.7,21.2,58.6,6.6,13.7,21.4,43.4,21.7,18.8,41.4,43.6,22.0,17.1,31.8,14.6,4.7,44.7,74.4,35.6,32.4,14.6,32.4,39.7,76.7,22.1,47.8,41.3,7.7,48.1,5.3,21.0,24.0,10.3
10003001100,New Castle,10003,3375,3187,39.7560465,-75.5577931,6.5,79.3,27.3,26.2,16.0,5.4,9.7,87.4,11.2,72.1,6.2,9.9,8.1,67.1,21.8,11.1,9.3,7.7,14.0,10.7,14.5,6.4,6.2,34.3,77.8,38.0,7.7,6.6,17.5,29.4,80.3,12.4,30.1,21.5,2.8,31.1,3.4,6.0,5.3,4.0
10003001200,New Castle,10003,1605,1454,39.758703,-75.5631867,7.7,75.5,20.1,18.4,21.1,3.2,7.5,87.2,9.9,66.6,3.6,9.4,6.8,76.0,22.5,6.3,6.0,4.2,14.0,8.2,9.8,5.1,4.1,24.2,68.4,32.0,6.2,4.6,17.2,29.6,79.4,7.1,26.8,15.0,1.7,28.8,1.9,4.4,3.9,2.4
10003001300,New Castle,10003,3588,3013,39.7632267,-75.5691808,4.8,82.1,21.6,27.9,15.9,4.4,12.4,92.4,8.0,75.1,5.6,9.3,6.3,79.9,20.5,9.3,4.3,3.1,11.3,9.5,10.4,3.6,5.7,33.2,78.8,41.9,4.3,4.5,14.7,25.4,81.6,9.5,27.0,15.9,2.0,26.6,2.7,3.3,2.9,2.5
10003001400,New Castle,10003,2103,1727,39.7514863,-75.5661112,18.0,78.9,36.3,28.7,14.0,9.0,8.0,84.5,16.9,59.4,7.8,11.5,16.2,52.1,23.4,15.4,23.0,23.1,18.1,15.5,24.8,12.1,7.2,39.9,76.0,39.1,17.5,11.2,22.6,32.7,73.6,18.8,39.1,32.9,5.5,38.9,4.6,12.4,12.7,7.5
10003001500,New Castle,10003,2231,1748,39.7496518,-75.5592746,19.1,79.9,34.7,27.8,13.6,8.0,7.6,85.9,15.9,66.4,7.5,11.7,14.9,57.5,22.3,15.2,22.1,21.8,17.7,14.6,23.3,10.6,6.7,40.2,76.0,38.2,17.8,10.5,23.5,33.1,77.4,17.8,39.1,31.0,5.3,38.9,4.5,12.1,12.9,6.9
10003001600,New Castle,10003,2419,1765,39.7468948,-75.5550189,24.7,78.4,43.0,26.8,12.4,10.3,4.6,80.4,23.1,57.3,7.0,13.9,23.4,42.3,23.8,18.5,42.8,46.0,23.1,18.3,33.9,16.8,5.4,43.4,72.5,35.7,33.0,16.0,31.1,39.3,74.9,22.8,47.7,42.1,8.4,47.0,5.4,22.5,25.1,11.2
10003001902,New Castle,10003,2113,1554,39.7198139,-75.5313619,12.0,79.9,32.1,24.4,13.3,6.7,5.3,85.7,15.9,63.5,5.6,12.2,14.9,50.4,21.1,14.7,25.0,24.2,18.2,13.5,22.6,10.0,4.4,38.7,74.0,35.7,20.6,9.9,26.7,35.4,77.9,15.9,40.3,30.6,5.0,43.5,3.9,13.3,14.5,6.6
10003002100,New Castle,10003,1809,1283,39.7424301,-75.5573305,39.0,80.7,47.2,31.6,10.2,12.7,5.4,81.9,23.4,56.3,9.4,13.9,24.6,39.6,22.3,23.4,47.5,51.8,22.1,20.4,38.8,18.5,6.9,49.4,77.1,39.8,34.6,17.9,31.5,38.9,72.5,28.6,49.2,47.7,10.5,47.0,7.1,24.2,27.0,14.0
10003002200,New Castle,10003,2874,1942,39.7447495,-75.5633691,33.8,77.0,47.2,26.7,11.7,10.6,4.3,78.3,24.6,51.5,8.4,12.4,23.7,36.4,21.8,21.8,50.3,51.3,22.0,20.5,40.2,26.4,6.9,44.1,73.5,38.1,36.8,17.2,30.9,38.5,69.8,26.3,48.6,49.7,9.9,46.1,5.9,25.3,27.0,14.8
10003002300,New Castle,10003,3003,2091,39.7473304,-75.5697155,22.8,77.4,38.1,23.6,13.4,7.4,4.5,81.9,19.7,56.7,6.1,11.9,17.7,44.6,21.4,16.3,34.8,33.0,20.1,16.0,29.0,18.4,5.2,38.4,71.8,35.4,27.6,12.2,29.0,37.4,74.0,18.8,43.4,38.6,6.2,44.8,4.3,17.6,18.7,9.1
10003002400,New Castle,10003,4250,3346,39.750169,-75.5798121,15.6,79.4,36.1,28.3,13.5,8.5,7.2,85.2,17.0,62.3,7.1,11.8,16.6,53.5,22.7,15.8,24.9,25.0,18.5,15.5,25.0,12.1,6.4,40.5,76.0,38.4,19.6,11.2,24.3,33.7,78.9,18.9,40.6,34.1,5.6,39.9,4.6,13.0,14.0,7.5
10003002500,New Castle,10003,3235,2443,39.7414466,-75.5747872,9.6,77.6,32.1,24.1,15.1,6.6,6.5,84.9,15.7,65.5,5.8,10.9,14.3,63.7,21.8,13.4,21.7,19.2,17.4,13.8,22.1,13.4,5.5,35.4,73.0,36.8,18.0,9.2,24.1,33.5,78.5,15.1,38.1,30.4,4.4,36.6,3.5,11.3,11.7,6.2
10003002600,New Castle,10003,3730,2585,39.7397583,-75.5666901,23.2,77.8,37.7,24.4,13.5,7.7,4.9,82.6,19.2,57.1,6.3,11.8,17.9,46.8,21.1,16.6,33.8,32.4,19.5,16.1,28.9,17.6,5.4,39.4,72.7,36.2,27.0,12.0,28.2,36.3,75.6,19.0,43.9,38.0,6.4,43.3,4.3,17.2,18.7,9.0
10003002700,New Castle,10003,2990,2310,39.7339332,-75.5640184,12.2,76.2,25.3,17.7,17.1,4.0,4.4,84.9,13.6,61.1,3.6,10.5,11.0,59.3,20.8,9.7,17.1,13.9,16.8,10.5,16.3,9.8,3.5,29.1,67.2,31.4,15.8,6.9,24.5,34.3,80.0,9.8,35.2,24.0,3.0,39.0,2.3,9.6,10.0,4.3
10003002800,New Castle,10003,2378,2071,39.7458579,-75.5498878,19.3,75.7,29.4,19.4,17.0,5.5,4.7,82.3,16.1,63.0,4.4,11.3,13.6,54.7,23.7,10.6,20.8,19.7,19.0,12.0,19.2,10.2,4.2,31.1,66.7,31.7,17.9,8.8,23.7,34.6,77.0,11.6,37.8,26.4,3.8,40.5,2.8,12.0,12.6,5.3
10003002900,New Castle,10003,3499,2540,39.7356508,-75.5321041,31.1,81.6,47.0,32.4,10.1,13.0,5.4,82.9,23.0,60.5,9.8,14.1,25.2,38.7,21.5,24.6,47.1,51.7,22.0,20.4,38.7,16.3,6.7,51.9,78.4,40.3,34.8,17.6,32.5,38.8,76.6,29.0,50.5,46.8,10.8,49.1,7.4,24.2,27.4,13.6
10003003002,New Castle,10003,3060,2329,39.7463011,-75.5264918,42.9,73.2,48.4,21.5,14.4,11.1,2.9,69.7,28.4,45.6,6.8,12.7,31.5,30.4,22.5,17.5,55.9,60.9,25.6,19.4,40.7,24.1,5.7,43.7,63.2,32.4,42.1,19.0,36.0,41.7,70.2,22.5,51.0,47.6,10.0,50.4,5.2,31.1,34.2,14.2
10003010104,New Castle,10003,3620,2830,39.7961063,-75.4534792,15.3,78.7,29.4,24.5,15.2,6.1,6.9,86.6,14.2,62.9,5.4,11.1,13.1,60.8,21.6,12.3,17.4,15.2,16.8,12.7,19.0,9.6,5.0,35.2,73.6,36.7,15.2,8.1,23.9,33.2,77.3,13.7,36.3,26.8,3.8,38.0,3.3,9.6,9.9,5.1
10003010105,New Castle,10003,2916,2113,39.8127939,-75.4522485,11.3,77.0,26.3,19.8,16.5,4.5,5.4,85.4,13.7,61.7,4.0,10.7,11.4,58.1,20.8,9.9,16.0,12.8,17.0,10.8,16.1,9.1,3.9,30.4,69.8,32.8,14.7,7.1,25.4,35.1,78.5,10.6,34.0,24.4,2.9,39.8,2.6,9.0,9.0,4.1
10003010106,New Castle,10003,1760,1509,39.8190019,-75.4568151,14.6,78.5,29.9,24.2,13.5,5.9,7.5,85.9,13.2,66.3,5.8,10.2,11.1,63.1,19.2,12.0,16.3,12.8,15.5,11.9,18.1,9.3,5.7,34.5,75.2,36.8,13.3,8.0,25.7,34.7,82.3,14.0,30.8,27.5,3.5,36.3,3.6,8.8,8.1,4.9
10003010200,New Castle,10003,2034,1607,39.8087626,-75.4682454,9.8,79.9,26.4,26.0,15.8,5.4,9.1,89.4,11.4,71.2,5.7,10.1,10.4,67.9,20.4,11.1,10.2,7.8,14.4,11.4,14.9,6.6,5.6,34.9,76.5,39.0,9.4,6.4,21.4,30.7,82.2,12.1,31.6,22.5,2.9,34.5,3.2,6.0,5.8,3.7
10003010300,New Castle,10003,4106,3232,39.8024361,-75.4675546,9.9,77.2,25.9,21.5,16.4,4.9,6.6,86.5,12.8,64.6,4.6,10.2,11.4,63.3,21.1,10.0,13.6,10.5,16.1,11.1,15.5,8.2,4.6,30.7,71.2,35.1,12.3,6.7,23.8,33.1,77.0,10.8,32.1,23.9,2.8,36.4,2.7,7.7,7.6,3.9
10003010400,New Castle,10003,4591,3725,39.7932234,-75.4802454,7.4,78.6,27.0,26.0,16.2,5.9,8.9,88.0,12.3,70.5,5.7,10.3,11.4,67.1,22.4,10.9,10.6,8.4,15.4,12.0,15.5,6.6,5.7,33.4,75.1,39.0,9.4,6.8,20.7,30.7,79.0,12.2,31.4,22.9,3.0,33.8,3.1,6.4,6.1,3.8
10003010502,New Castle,10003,5779,4788,39.7691499,-75.4872896,9.5,79.9,27.9,27.5,15.4,6.3,9.4,88.8,12.2,69.7,6.2,10.5,11.2,68.3,22.2,11.7,11.3,9.6,15.1,12.2,16.2,6.6,6.0,35.6,76.5,39.6,9.9,7.1,19.7,29.8,77.7,13.2,33.0,23.6,3.3,33.3,3.4,6.7,6.7,4.2
10003010703,New Castle,10003,2036,1556,39.7606648,-75.5042141,16.5,79.8,31.4,28.1,14.5,7.5,8.4,87.2,14.4,66.5,6.6,11.4,13.9,58.7,23.4,13.4,16.8,16.1,17.2,13.8,19.7,7.9,6.1,37.7,75.8,39.0,14.0,8.9,21.3,31.4,74.1,15.5,37.1,27.6,4.3,37.7,3.8,9.5,10.1,5.4
10003010704,New Castle,10003,3947,3149,39.7519097,-75.5128588,14.6,80.1,28.1,24.8,14.7,5.5,7.1,88.1,13.1,64.5,5.2,11.3,11.5,61.1,20.6,12.1,15.6,13.1,16.2,11.8,17.3,8.1,4.6,35.8,74.9,36.4,14.3,7.5,24.5,33.7,79.8,13.1,35.7,25.2,3.5,38.8,3.3,8.8,9.2,4.5
10003010800,New Castle,10003,4796,3948,39.7777142,-75.5264969,6.2,82.0,25.9,29.1,14.3,5.6,11.5,91.2,9.7,70.0,6.6,9.6,8.5,71.0,19.8,11.6,7.5,5.7,12.4,11.1,13.9,5.3,6.5,36.6,79.6,42.5,6.6,5.8,17.8,27.6,79.2,12.4,29.1,21.0,2.7,30.7,3.3,4.7,4.3,3.5
10003010900,New Castle,10003,2773,2237,39.7879774,-75.5126352,8.5,81.3,29.5,31.6,14.6,7.5,11.6,90.0,11.8,69.9,7.6,10.3,11.5,69.8,22.6,12.9,9.6,8.2,14.4,13.2,16.8,5.9,7.4,38.4,79.3,43.4,7.9,7.3,17.9,28.0,79.5,14.8,32.1,23.9,3.5,31.2,3.8,5.9,5.5,4.3
10003011000,New Castle,10003,3201,2542,39.7845459,-75.497811,6.3,80.8,23.8,26.8,16.0,4.9,10.8,91.0,9.6,70.4,5.7,9.7,8.1,71.8,20.8,10.1,6.6,4.9,12.7,10.4,12.5,4.9,5.8,33.5,77.5,40.5,6.4,5.3,17.4,27.6,80.0,10.7,28.8,18.7,2.4,31.1,2.9,4.4,4.1,3.0
10003011100,New Castle,10003,2654,2282,39.8054321,-75.4905425,8.7,81.9,26.6,30.6,14.8,6.1,12.4,91.2,10.2,72.9,6.8,9.9,8.9,74.5,21.3,11.3,6.9,5.3,13.0,11.7,13.9,5.0,6.9,36.5,79.7,43.1,6.2,6.0,17.1,27.5,80.0,12.7,29.3,20.6,2.8,29.0,3.4,4.6,4.1,3.4
10003011201,New Castle,10003,2421,1946,39.8183642,-75.541341,8.7,77.9,22.7,21.6,16.0,4.3,8.4,87.8,10.3,67.9,4.8,9.1,8.3,73.0,19.7,8.8,8.4,5.4,13.2,9.6,12.4,6.2,5.0,28.5,73.6,37.2,7.0,5.3,20.7,30.9,78.8,9.2,25.1,19.4,2.1,30.0,2.4,5.1,4.0,3.0
10003011202,New Castle,10003,4003,3308,39.8321729,-75.5211693,10.1,81.8,26.3,29.5,14.3,5.9,11.8,91.2,10.1,72.1,6.6,9.6,9.2,71.4,20.1,11.5,7.4,5.2,12.7,11.5,14.1,5.4,6.6,36.2,79.7,43.4,6.4,5.9,19.0,28.6,76.8,12.5,28.0,21.6,2.7,30.7,3.3,4.5,3.9,3.4
10003011203,New Castle,10003,4805,3884,39.8256557,-75.4826061,10.2,79.6,29.6,26.9,14.2,6.8,8.6,87.3,13.1,65.8,6.5,10.5,12.5,59.9,21.5,12.8,14.6,12.8,15.6,12.8,18.3,7.6,6.2,36.4,76.3,39.6,11.7,7.9,21.7,31.2,77.4,14.3,33.1,26.7,3.7,36.0,3.6,8.1,8.0,4.9
10003011204,New Castle,10003,3313,2741,39.8176087,-75.4863303,8.7,81.5,26.9,29.4,14.6,6.0,11.4,90.7,10.4,72.1,6.7,9.8,9.3,70.4,20.6,11.6,8.1,6.2,13.3,11.6,14.4,5.6,6.6,36.6,79.2,42.0,7.3,6.2,18.7,28.5,77.6,12.9,29.9,21.9,2.8,31.5,3.4,5.0,4.7,3.6
10003011205,New Castle,10003,1968,1585,39.8232716,-75.5138647,6.4,80.8,25.3,27.8,15.5,5.5,10.8,90.3,10.2,71.0,6.3,9.7,8.9,70.1,21.0,10.9,7.3,5.5,13.2,11.1,13.5,5.0,6.3,34.6,77.9,41.4,6.6,5.8,17.8,27.9,81.4,11.7,29.0,20.3,2.7,31.3,3.1,4.8,4.4,3.4
10003011206,New Castle,10003,4319,3345,39.8174758,-75.5249854,4.1,81.7,23.2,27.6,15.5,4.7,11.9,91.8,8.7,71.5,5.9,9.3,7.0,75.9,20.1,9.8,5.2,3.6,11.8,10.0,11.4,4.0,6.2,33.6,78.7,41.5,5.0,4.9,16.2,26.7,81.8,10.4,26.8,17.7,2.2,28.4,2.8,3.7,3.3,2.8
10003011300,New Castle,10003,2244,1847,39.8100723,-75.5052585,3.1,81.9,26.1,29.2,14.6,5.5,12.2,91.5,9.6,71.0,6.6,9.5,8.1,76.9,19.8,10.7,6.6,4.7,12.2,11.0,13.2,5.0,6.9,35.6,79.6,42.2,5.9,5.8,17.8,28.0,81.1,12.4,27.4,20.4,2.6,28.0,3.3,4.3,3.7,3.3
10003011400,New Castle,10003,3456,2735,39.8018687,-75.5217498,4.7,81.7,23.8,28.1,15.4,4.8,12.1,91.6,8.8,72.4,6.1,9.3,7.1,75.6,20.2,9.8,5.4,3.9,11.8,10.1,11.7,4.1,6.4,34.1,78.8,41.5,5.0,5.1,15.9,26.5,77.8,10.8,27.2,18.0,2.3,27.7,2.9,3.8,3.4,2.9
10003011500,New Castle,10003,2908,2308,39.8019148,-75.54147,7.8,79.1,26.4,27.0,16.5,5.8,10.3,89.2,11.5,68.6,5.9,10.1,10.2,71.7,22.2,10.2,8.4,6.3,14.4,11.7,14.5,6.3,6.1,32.9,76.0,40.1,7.6,6.4,19.1,29.5,77.8,12.0,29.3,21.2,2.8,31.4,3.1,5.3,4.7,3.5
10003011600,New Castle,10003,3287,2573,39.7895286,-75.5385763,5.6,79.6,24.1,26.1,16.8,5.0,10.4,90.0,10.2,69.0,5.4,9.9,8.7,72.8,22.2,9.4,7.0,5.4,13.6,10.6,12.6,5.2,5.7,31.7,75.6,39.2,6.7,5.6,17.2,28.1,82.1,10.6,29.0,18.9,2.4,30.2,2.7,4.7,4.4,3.1
10003011700,New Castle,10003,4260,3465,39.8018404,-75.5592019,5.7,83.7,22.5,29.6,14.3,4.4,14.1,93.4,7.3,74.8,6.4,8.8,5.4,77.8,18.5,9.8,3.8,2.5,10.0,9.4,10.3,3.5,6.7,35.4,81.1,43.9,3.6,4.3,14.3,24.7,82.7,10.2,25.1,16.2,2.0,26.5,2.9,2.9,2.4,2.5
10003011800,New Castle,10003,4927,4135,39.8077052,-75.6101476,7.0,82.1,24.5,28.6,14.6,4.9,12.8,91.7,8.6,71.8,6.7,9.0,6.4,76.1,19.4,10.2,5.2,3.6,11.3,10.1,11.8,4.2,7.1,34.9,79.9,42.3,4.7,5.2,15.7,26.3,79.3,11.2,26.0,18.1,2.3,27.3,3.1,3.7,3.2,3.0
10003011900,New Castle,10003,3298,2592,39.7735117,-75.6115645,4.9,82.5,25.6,29.6,13.9,5.8,12.1,91.5,9.4,69.9,7.0,9.4,8.0,75.7,19.9,11.8,6.9,5.2,11.8,11.2,13.9,5.1,7.0,36.7,80.1,43.8,5.8,5.7,16.2,26.2,77.4,12.4,28.4,20.4,2.8,27.9,3.3,4.5,3.9,3.6
10003012000,New Castle,10003,4334,3536,39.7398744,-75.6279738,12.1,78.9,32.1,28.5,15.2,7.2,9.6,87.5,13.8,67.6,7.2,10.2,12.7,62.9,21.4,13.0,13.9,11.0,15.6,13.8,19.4,10.7,7.2,37.0,77.0,40.8,11.8,8.1,22.1,31.6,77.8,15.6,33.5,28.0,3.8,34.4,3.8,7.7,7.2,5.1
10003012100,New Castle,10003,2901,2301,39.7516574,-75.6172057,7.5,77.8,27.7,25.4,16.8,5.7,9.2,87.6,12.5,67.4,5.8,9.8,10.9,66.9,21.6,10.3,10.7,7.7,15.1,11.9,15.6,9.2,6.0,32.5,74.8,38.5,9.7,6.6,21.0,31.2,78.2,12.1,30.9,23.8,2.8,32.7,3.0,6.3,5.6,3.8
10003012200,New Castle,10003,4676,3581,39.7479746,-75.6012007,11.4,76.0,32.9,24.3,16.2,7.1,7.1,83.8,16.4,62.7,6.2,10.6,14.7,56.3,23.1,12.4,19.8,16.8,17.8,14.3,21.8,14.2,6.2,33.6,71.8,37.2,16.3,9.2,23.2,33.3,75.3,14.9,36.4,30.1,4.2,36.7,3.4,10.7,10.3,6.0
10003012300,New Castle,10003,2739,2159,39.742145,-75.5934532,18.0,76.8,34.7,26.2,15.2,7.9,7.2,84.1,17.2,60.1,6.6,11.2,16.4,49.9,23.7,13.5,21.7,19.1,18.7,15.3,23.3,13.8,6.3,35.7,73.4,38.2,17.6,10.0,24.7,34.3,75.1,16.5,37.4,32.1,4.7,39.2,3.8,11.4,11.2,6.4
10003012400,New Castle,10003,4637,3486,39.7353955,-75.602708,13.8,76.3,33.5,25.2,15.9,7.4,7.3,84.1,16.7,61.8,6.3,10.8,15.4,59.7,23.4,12.6,20.4,17.4,18.1,14.8,22.4,14.5,6.3,34.0,72.4,37.7,16.7,9.5,23.5,33.5,74.9,15.5,36.6,31.1,4.4,36.3,3.5,10.7,10.4,6.1
10003012500,New Castle,10003,5660,4358,39.7305632,-75.5898108,14.7,76.9,30.6,24.7,16.7,6.5,7.4,85.7,15.0,60.3,5.8,10.6,13.7,55.4,23.1,11.9,16.6,13.8,17.3,13.5,19.5,11.7,5.8,33.5,72.4,37.3,14.7,8.3,22.3,32.2,76.3,13.8,36.2,27.5,3.8,37.7,3.2,9.3,9.3,5.2
10003012600,New Castle,10003,2945,2351,39.7243778,-75.6075887,7.3,77.0,27.8,24.6,17.3,5.9,8.5,87.0,13.4,68.5,5.4,10.3,11.9,69.8,22.6,10.1,11.6,8.4,15.8,12.3,16.5,9.6,5.5,31.2,73.4,38.4,10.2,7.0,21.7,32.0,78.4,12.1,31.0,23.8,3.0,32.3,2.9,6.6,5.8,4.0
10003012700,New Castle,10003,4392,3592,39.7099287,-75.6274565,15.0,78.4,35.1,29.7,14.8,8.5,9.5,86.0,15.7,63.1,7.7,10.7,14.8,59.9,22.7,13.9,17.3,14.7,17.0,15.2,22.2,12.7,7.6,38.1,77.0,40.9,13.8,9.6,22.7,32.5,74.1,17.6,35.4,31.3,4.5,34.8,4.2,9.2,8.6,6.0
10003012900,New Castle,10003,4823,3565,39.7228743,-75.581735,15.5,76.2,35.1,24.5,15.3,7.5,6.3,83.1,17.7,57.9,6.2,11.0,16.6,52.8,22.7,13.8,25.2,22.5,18.7,15.2,24.7,16.3,6.0,35.6,71.9,36.9,20.3,10.3,25.2,34.5,71.8,16.5,39.4,33.9,4.9,39.4,3.7,12.9,13.1,7.1
10003013000,New Castle,10003,1927,1515,39.7191649,-75.6426796,14.0,77.8,29.5,26.3,16.6,6.4,9.0,86.9,13.5,65.7,6.2,10.3,12.1,62.8,23.0,11.2,12.2,9.7,16.0,12.8,17.2,9.3,6.4,33.4,74.8,38.8,10.6,7.5,20.5,31.2,78.4,13.4,32.4,25.2,3.3,34.5,3.2,7.1,6.6,4.4
10003013100,New Castle,10003,2248,1833,39.7262788,-75.6452812,13.5,76.9,31.2,26.8,16.7,7.1,8.8,86.2,14.7,63.7,6.4,10.5,13.9,60.7,23.1,11.6,13.7,10.3,16.8,13.8,18.9,10.9,6.5,33.9,74.4,39.6,11.6,8.0,22.8,32.7,75.2,14.2,32.8,26.9,3.6,34.9,3.4,7.6,6.7,4.7
10003013200,New Castle,10003,2653,2074,39.7352208,-75.6451459,10.3,77.4,31.4,26.2,15.8,7.1,8.3,86.1,14.8,63.0,6.4,10.5,13.4,56.4,22.5,12.3,16.0,12.8,16.4,13.9,20.1,12.4,6.4,34.2,74.5,39.3,13.2,8.4,22.2,32.2,75.5,14.7,34.0,28.1,3.9,36.1,3.5,8.6,7.9,5.3
10003013300,New Castle,10003,1907,1543,39.7276111,-75.6605162,11.1,78.1,30.0,27.5,16.2,6.6,10.0,87.8,13.3,67.5,6.5,10.2,12.1,65.3,22.2,11.0,10.8,7.8,15.5,13.0,17.1,9.4,6.8,33.9,76.1,40.4,9.4,7.3,21.9,32.0,76.6,13.7,30.3,25.4,3.1,32.8,3.4,6.2,5.3,4.1
10003013400,New Castle,10003,2504,2036,39.7425629,-75.6542951,7.4,79.8,27.9,28.7,15.7,6.4,11.0,89.4,11.7,67.5,6.6,10.0,10.7,69.0,22.0,11.1,9.0,7.0,14.2,12.3,15.6,7.0,6.7,34.9,77.6,41.6,7.8,6.7,18.9,29.2,78.4,13.1,30.1,22.8,3.0,31.0,3.3,5.5,4.8,3.8
10003013501,New Castle,10003,7213,5880,39.7817039,-75.6583428,5.7,83.3,26.0,30.6,13.5,5.4,13.6,92.5,8.6,73.1,7.2,8.9,7.1,75.6,18.5,11.1,5.4,3.7,10.9,10.7,12.6,4.5,7.6,37.2,81.5,44.2,4.7,5.4,16.7,26.6,80.8,12.4,25.6,20.0,2.4,27.2,3.4,3.6,3.0,3.2
10003013505,New Castle,10003,3489,2807,39.765072,-75.7181492,5.9,82.0,24.8,28.4,14.1,5.2,12.0,91.5,9.0,69.9,6.5,9.1,7.7,73.1,19.2,10.8,6.1,4.2,11.8,10.6,12.6,4.5,6.7,35.0,79.6,42.8,5.4,5.4,17.7,27.4,81.6,11.5,26.1,19.9,2.4,29.5,3.1,4.0,3.4,3.1
10003013506,New Castle,10003,4567,3785,39.7525461,-75.7348661,3.4,81.5,20.5,25.8,16.1,4.2,10.9,91.9,8.1,72.3,5.2,9.2,6.4,75.9,19.8,9.5,4.7,3.1,11.4,9.3,10.4,3.6,5.1,32.0,78.0,41.8,4.4,4.3,15.9,26.3,80.0,8.9,26.1,15.9,2.0,28.2,2.5,3.4,2.8,2.4
10003013507,New Castle,10003,1819,1428,39.7737124,-75.6762927,7.0,81.5,23.7,27.3,14.7,5.0,11.2,91.4,9.0,69.7,6.0,9.0,7.9,72.7,19.2,10.7,6.3,4.2,11.8,10.4,12.5,4.9,6.1,34.1,78.8,42.6,5.5,5.1,17.9,27.4,81.0,10.9,26.4,19.7,2.3,29.9,2.9,4.0,3.4,3.0
10003013508,New Castle,10003,5655,4419,39.7839804,-75.7017055,4.0,80.9,20.7,24.7,16.0,4.1,10.3,91.5,8.3,71.4,5.1,9.1,6.7,78.0,19.6,9.5,5.2,3.3,11.7,9.3,10.6,4.0,5.1,31.3,77.1,40.7,5.1,4.4,17.1,27.1,79.4,8.9,26.1,16.6,2.0,28.5,2.5,3.7,3.2,2.5
10003013604,New Castle,10003,4156,3372,39.7235215,-75.6816124,7.7,80.6,25.0,27.5,15.7,5.4,10.8,90.3,10.2,70.2,6.0,9.8,8.7,71.8,21.4,10.5,7.4,5.6,13.2,11.0,13.4,5.5,6.1,33.9,77.7,40.9,6.7,5.8,17.3,27.9,77.1,11.4,29.2,20.0,2.6,30.7,3.0,4.8,4.4,3.3
10003013607,New Castle,10003,6255,5031,39.7377846,-75.7007961,5.3,78.9,25.6,25.2,15.6,5.5,9.0,88.5,11.3,69.3,5.4,9.8,10.3,68.6,21.6,10.5,9.8,7.6,14.5,11.2,14.4,6.4,5.5,32.4,75.2,38.9,8.5,6.3,19.9,29.8,80.2,11.4,29.8,22.4,2.7,32.9,2.9,5.8,5.4,3.6
10003013608,New Castle,10003,1959,1543,39.7085864,-75.6896105,7.8,77.4,26.8,24.4,17.5,5.7,8.2,87.0,12.9,65.4,5.3,10.3,11.6,64.2,23.1,10.3,11.1,8.8,16.1,11.9,15.5,7.6,5.4,31.6,73.0,37.6,10.1,6.8,20.5,31.0,75.6,11.5,32.2,22.8,2.9,34.5,2.8,6.7,6.4,3.8
10003013610,New Castle,10003,5460,4534,39.7145824,-75.7378607,6.6,79.6,23.1,24.7,16.5,4.6,9.9,89.4,9.7,69.9,5.4,9.4,7.6,73.5,20.6,9.6,6.4,4.4,12.9,10.0,11.9,4.7,5.5,31.2,76.5,39.5,5.8,5.2,17.8,28.6,78.4,9.9,26.6,18.2,2.3,29.4,2.7,4.4,3.7,2.9
10003013611,New Castle,10003,5572,4648,39.7265956,-75.7090373,8.5,78.0,25.7,24.0,17.2,5.2,8.5,87.4,12.1,67.8,5.2,10.3,10.0,67.3,22.8,9.7,9.9,7.7,15.5,11.1,14.1,6.5,5.4,31.0,73.6,37.1,9.0,6.4,19.8,30.9,76.6,10.8,30.5,21.1,2.7,33.0,2.7,6.2,5.7,3.5
10003013612,New Castle,10003,6158,4926,39.7585484,-75.6926549,5.3,80.6,22.5,25.3,15.0,4.7,10.1,90.9,9.1,70.4,5.3,9.1,7.9,76.4,19.3,10.1,6.7,4.3,12.1,10.1,12.1,4.9,5.3,31.9,77.4,41.3,5.8,5.0,18.9,28.4,80.3,10.1,25.8,19.1,2.2,29.2,2.7,4.1,3.5,2.9
10003013613,New Castle,10003,5657,4676,39.7492007,-75.6727954,5.8,79.7,24.2,25.4,16.3,5.0,9.8,89.4,10.6,70.3,5.4,9.9,8.7,71.9,21.8,9.8,7.5,5.3,14.0,10.6,12.8,5.3,5.5,31.6,76.1,39.3,6.9,5.7,18.3,29.3,78.1,10.5,28.5,19.5,2.4,31.0,2.7,5.0,4.3,3.1
10003013614,New Castle,10003,3258,2555,39.7152641,-75.6575515,13.1,75.6,31.9,23.9,16.6,6.7,7.1,84.0,16.0,62.2,5.8,10.5,14.2,58.8,22.8,11.6,17.9,14.0,17.7,13.8,20.5,13.9,5.9,32.4,72.1,37.1,15.0,8.6,24.1,34.2,74.9,14.0,34.5,29.4,3.7,35.8,3.2,9.5,8.7,5.4
10003013615,New Castle,10003,4107,3324,39.7059013,-75.6715646,7.1,78.5,29.3,27.0,15.7,6.3,9.8,88.0,12.7,68.4,6.3,9.9,11.0,65.3,21.1,11.3,11.6,8.4,14.7,12.6,17.0,10.3,6.5,34.1,76.4,40.0,10.0,7.1,21.1,31.1,77.5,13.6,31.0,25.3,3.1,32.9,3.3,6.5,5.7,4.3
10003013700,New Castle,10003,4071,3177,39.7036055,-75.7090339,12.9,76.2,29.4,22.2,16.6,5.7,6.9,84.5,14.8,64.6,5.2,10.5,12.3,58.3,22.2,10.5,16.0,12.5,17.1,12.3,18.0,11.3,5.3,31.0,70.9,35.5,13.9,7.9,23.9,34.2,75.7,12.2,33.0,26.1,3.3,37.3,2.9,9.1,8.3,4.7
10003013800,New Castle,10003,5901,4752,39.68635,-75.6565579,9.1,76.5,26.3,21.8,15.6,5.2,7.5,85.7,12.4,69.4,5.1,9.5,10.8,64.0,20.1,9.7,12.6,9.0,14.9,11.0,15.6,8.7,5.2,30.0,72.2,36.5,10.3,6.6,23.8,33.1,78.9,11.1,28.3,24.0,2.7,34.5,2.8,6.9,5.9,3.9
10003013901,New Castle,10003,3492,2741,39.6705169,-75.6892191,14.4,77.2,30.1,24.5,16.1,6.2,7.5,85.9,14.6,66.0,5.7,10.8,12.9,60.9,21.8,11.6,15.7,12.1,16.6,12.9,18.9,11.1,5.5,33.5,73.7,37.6,13.4,8.0,24.3,33.9,75.3,13.7,33.3,26.6,3.6,36.6,3.3,8.6,7.9,4.8
10003013903,New Castle,10003,4820,3768,39.6402979,-75.6942399,8.9,79.1,28.5,25.4,15.1,6.2,7.2,87.3,13.5,66.8,5.5,10.9,12.9,60.8,21.7,12.7,15.2,13.1,16.4,12.7,18.1,7.9,5.0,35.6,74.9,38.2,13.2,7.7,23.0,32.2,77.3,13.5,35.2,26.1,3.7,38.5,3.3,8.5,8.8,4.7
10003013905,New Castle,10003,4169,3100,39.6501849,-75.6773877,7.6,75.6,22.2,16.7,17.0,3.5,4.7,85.6,11.9,63.3,3.1,9.8,10.2,63.7,20.2,8.1,12.9,9.4,15.8,9.4,13.3,7.5,3.2,26.0,65.9,31.5,11.9,5.7,24.8,34.0,78.8,8.1,29.9,21.6,2.2,38.2,2.0,7.4,7.1,3.2
10003013906,New Castle,10003,4648,3670,39.6605422,-75.6809946,9.9,79.0,22.9,21.1,15.0,4.1,6.7,88.5,10.6,66.1,4.4,9.6,8.9,68.4,18.8,10.5,10.8,7.6,13.9,9.9,13.5,6.3,4.2,31.0,73.8,36.7,9.9,5.5,23.2,32.0,80.3,9.8,29.1,21.4,2.5,35.3,2.6,6.3,6.0,3.4
10003014000,New Castle,10003,5441,4349,39.6858508,-75.692598,15.8,77.1,32.4,24.8,15.2,7.0,7.1,84.4,15.9,62.1,6.0,10.9,14.6,56.5,22.0,12.6,19.6,16.6,17.7,13.8,21.1,11.9,5.9,35.0,73.2,37.3,16.0,9.2,25.3,34.7,76.5,15.1,35.3,29.9,4.2,37.9,3.6,10.4,10.0,5.7
10003014100,New Castle,10003,4985,3693,39.6778919,-75.7116197,15.9,77.9,33.8,26.7,15.1,7.8,7.5,84.7,16.3,60.4,6.7,11.3,15.2,57.0,23.7,13.8,20.4,19.2,18.2,14.7,22.3,11.4,6.4,36.7,74.2,38.0,16.5,9.9,22.7,32.9,75.7,16.3,37.8,30.4,4.7,37.5,3.9,11.2,11.4,6.3
10003014200,New Castle,10003,1600,1313,39.6864047,-75.7218527,9.1,78.6,26.1,25.8,16.7,5.5,9.5,88.5,11.6,66.8,5.6,9.9,10.6,66.8,21.9,10.0,8.8,6.6,14.8,11.4,14.2,6.3,5.8,32.5,75.5,39.1,7.9,6.2,20.1,30.3,79.2,11.5,29.7,22.0,2.6,32.6,2.9,5.4,4.8,3.4
10003014301,New Castle,10003,1317,1092,39.7169252,-75.7721392,5.6,83.0,25.2,30.7,14.3,5.5,13.4,92.5,8.7,74.5,7.1,9.1,7.7,74.0,19.1,11.2,5.5,3.8,11.3,10.8,12.6,4.7,7.2,37.4,81.0,44.6,5.0,5.1,16.8,26.4,82.4,11.8,27.2,19.6,2.3,28.8,3.3,3.6,3.1,3.0
10003014302,New Castle,10003,4908,4464,39.6930075,-75.7686676,9.1,74.3,26.1,15.4,19.6,3.7,5.4,79.6,15.5,71.6,3.5,11.1,7.6,69.0,25.3,6.1,11.0,7.2,19.6,9.2,12.2,6.5,4.0,21.5,63.9,27.4,9.4,7.1,22.3,38.5,79.3,7.5,25.8,18.5,1.9,32.3,1.8,8.2,5.4,3.2
10003014402,New Castle,10003,2807,2383,39.6672243,-75.7609138,11.0,76.9,27.9,22.6,16.6,5.7,8.0,83.6,13.6,67.6,5.6,10.3,9.6,65.8,23.8,9.6,11.3,9.1,16.5,11.2,15.3,7.0,5.8,29.4,72.8,35.3,9.0,7.4,19.2,32.2,77.7,11.3,28.8,22.0,2.9,31.9,2.9,7.4,6.0,4.1
10003014403,New Castle,10003,3611,2955,39.6809925,-75.768418,7.9,76.2,29.0,21.8,16.8,5.8,7.1,82.7,14.6,63.4,5.4,10.4,11.2,65.4,23.5,9.9,14.3,11.8,17.3,11.7,16.8,8.4,5.6,29.9,70.8,34.6,11.4,8.0,21.1,33.2,75.6,11.7,31.1,23.9,3.2,33.4,2.9,8.9,7.7,4.6
10003014404,New Castle,10003,4159,3562,39.6757088,-75.7821173,10.6,77.5,25.9,22.5,16.0,5.2,7.9,84.8,12.1,67.5,5.4,9.7,9.1,66.5,21.9,9.8,10.5,8.1,15.2,10.7,14.3,6.0,5.5,29.9,73.3,36.1,8.5,6.6,19.6,31.5,75.7,10.7,28.5,21.3,2.7,32.4,2.7,6.7,5.7,3.8
10003014501,New Castle,10003,2134,1931,39.6866828,-75.7459501,26.6,71.5,43.8,14.9,16.3,7.8,3.3,62.9,28.4,62.9,4.8,12.9,15.1,48.4,32.5,8.7,35.4,36.8,28.2,14.9,26.8,13.0,5.7,24.4,54.1,26.2,20.7,17.7,22.9,41.4,70.2,13.1,33.4,34.1,4.9,36.3,2.9,22.6,16.4,9.6
10003014502,New Castle,10003,7374,7189,39.6726478,-75.7439538,29.5,70.3,40.1,8.5,17.8,4.5,1.5,61.6,28.9,58.8,2.0,13.5,12.5,43.7,32.7,4.0,34.3,33.0,29.9,12.1,22.2,12.0,3.3,17.8,33.5,18.3,21.7,16.0,25.2,45.2,68.8,7.5,31.9,29.3,3.0,39.6,1.3,23.0,15.9,7.5
10003014702,New Castle,10003,1910,1510,39.6536286,-75.7418291,13.1,77.7,30.9,26.1,16.1,6.7,8.3,86.0,14.4,63.2,6.2,10.6,13.3,64.4,22.2,11.9,14.5,11.8,16.6,13.3,18.7,9.4,6.3,34.8,74.7,38.4,12.2,8.2,23.1,32.8,77.3,14.3,33.3,27.0,3.7,34.8,3.5,8.2,7.7,4.9
10003014703,New Castle,10003,4827,3890,39.6691583,-75.7275104,10.7,77.9,33.1,26.8,14.7,7.4,8.5,85.4,15.2,63.2,6.9,10.5,13.5,58.0,21.9,13.0,17.2,13.9,16.8,14.0,20.6,11.9,6.9,35.8,75.5,39.2,13.8,8.9,23.9,33.6,76.1,15.7,33.6,29.9,4.0,36.7,3.8,9.3,8.4,5.6
10003014705,New Castle,10003,5891,4572,39.6616299,-75.7134704,10.6,77.8,31.3,26.0,15.4,7.1,7.9,85.6,14.9,65.5,6.2,10.8,14.0,61.8,22.7,12.4,16.8,14.5,17.0,13.6,19.8,10.2,6.0,35.0,74.2,38.3,13.7,8.6,23.1,32.9,79.5,14.7,34.5,28.2,3.9,36.1,3.5,9.2,8.9,5.3
10003014706,New Castle,10003,2929,2180,39.6456598,-75.7175027,7.9,78.8,26.7,22.3,15.6,5.0,6.2,86.9,13.3,65.7,4.6,11.0,11.3,61.9,21.3,11.2,15.1,12.2,16.6,11.4,16.4,7.8,4.2,32.8,72.5,35.3,13.8,7.2,24.1,33.8,79.3,11.5,34.5,24.1,3.2,39.0,2.9,8.8,8.9,4.3
10003014803,New Castle,10003,4150,3432,39.6512518,-75.7723835,8.8,80.2,27.7,27.8,14.8,6.2,10.2,89.0,11.4,70.1,6.6,9.8,10.1,66.8,20.6,11.8,9.9,7.6,13.9,11.9,15.6,6.7,6.6,35.7,77.9,41.1,8.4,6.7,19.9,29.7,78.3,13.1,30.1,23.3,3.0,32.7,3.4,6.0,5.3,4.0
10003014808,New Castle,10003,6476,5078,39.6181998,-75.7297243,11.6,78.1,27.9,23.5,15.8,5.5,6.8,86.8,13.7,65.0,5.0,10.9,12.2,64.0,21.4,11.4,15.2,12.0,16.6,12.0,17.3,9.1,4.6,33.3,73.3,36.4,13.6,7.4,24.5,33.8,79.7,12.4,34.1,25.2,3.3,37.4,3.1,8.5,8.3,4.4
10003014809,New Castle,10003,8360,6692,39.5931442,-75.7005372,13.4,79.4,29.2,25.9,14.9,6.3,7.5,87.5,13.6,65.9,5.7,11.1,13.0,62.5,21.6,12.7,15.6,13.3,16.5,12.8,18.3,8.2,5.2,36.2,75.4,38.2,13.5,7.9,23.6,32.7,79.9,13.9,35.2,26.5,3.7,37.6,3.5,8.6,8.8,4.8
10003014810,New Castle,10003,7083,5613,39.5736892,-75.7248418,7.2,78.9,26.5,24.6,16.3,5.5,7.9,88.0,12.5,68.6,5.2,10.7,11.1,65.5,21.6,10.9,11.8,9.1,15.7,11.7,15.6,7.3,5.0,33.3,74.5,37.7,11.0,6.7,22.3,32.1,79.2,11.8,32.7,22.8,3.0,36.2,3.0,7.0,6.8,3.9
10003014811,New Castle,10003,6677,4822,39.5546942,-75.7498496,6.3,78.7,20.1,20.1,16.5,3.6,6.8,89.4,9.6,63.6,3.8,9.4,8.2,70.8,19.5,9.0,8.1,5.4,13.2,9.2,11.6,4.9,3.7,28.4,72.4,36.4,7.5,4.8,20.4,29.9,80.5,8.3,27.7,18.4,2.1,33.5,2.1,5.0,4.7,2.8
10003014812,New Castle,10003,4559,3628,39.5926539,-75.7664986,6.7,80.2,23.8,24.5,15.7,4.7,8.4,89.8,10.5,70.2,5.0,10.0,9.2,71.2,20.1,10.8,9.2,6.8,13.9,10.5,13.5,5.5,4.7,33.3,75.7,38.5,8.8,5.7,20.7,30.1,80.7,10.6,30.9,20.7,2.6,33.9,2.8,5.7,5.6,3.3
10003014813,New Castle,10003,4889,3848,39.6351489,-75.7644499,11.0,77.2,24.5,21.1,16.7,4.7,6.7,86.5,12.2,66.4,4.4,10.0,10.4,66.8,20.9,9.7,11.7,8.5,15.2,10.7,14.7,7.5,4.3,29.5,71.7,35.9,10.2,6.3,22.6,32.6,73.9,10.2,29.7,21.9,2.7,34.1,2.5,6.8,6.1,3.6
10003014814,New Castle,10003,4361,3290,39.6136422,-75.7650263,7.7,78.3,23.7,21.9,16.6,4.5,6.8,88.3,11.6,65.0,4.3,10.2,10.3,69.2,21.1,10.0,10.9,8.1,15.1,10.7,14.1,6.5,4.2,30.5,72.4,36.3,10.2,6.0,22.1,31.6,77.7,10.1,31.2,21.3,2.7,35.0,2.5,6.5,6.4,3.5
10003014903,New Castle,10003,7365,5269,39.6281474,-75.6896147,19.3,77.5,35.4,24.3,13.9,7.4,5.6,83.3,17.9,59.8,6.1,11.6,16.4,54.2,21.3,15.0,28.5,25.8,18.6,15.2,26.0,16.5,5.3,37.3,72.9,36.8,22.7,10.8,27.6,36.2,76.2,17.3,40.0,34.8,5.4,39.8,4.0,14.4,14.7,7.6
10003014904,New Castle,10003,5003,4117,39.6499084,-75.6468363,12.2,78.8,28.6,24.6,14.8,5.8,7.1,87.2,13.4,66.9,5.4,10.8,12.2,60.7,20.5,12.2,15.7,12.4,16.1,12.3,18.0,9.2,5.0,35.0,74.9,37.4,13.8,7.5,25.2,33.9,78.0,13.4,33.9,26.4,3.5,38.1,3.3,8.6,8.4,4.6
10003014906,New Castle,10003,5339,4098,39.6404141,-75.6710354,14.2,77.8,31.9,22.9,14.9,6.4,5.1,84.3,16.7,59.6,5.0,12.0,15.6,53.6,22.5,13.2,24.0,22.0,19.2,13.7,22.1,11.2,4.3,35.5,71.3,34.8,20.4,9.8,27.0,36.0,78.5,14.7,39.4,30.4,4.6,42.5,3.5,12.9,13.8,6.1
10003014907,New Castle,10003,4921,3708,39.6533168,-75.6614888,12.2,79.9,30.5,25.6,14.1,6.2,6.9,87.2,14.2,65.4,5.6,11.4,13.0,60.4,20.8,13.3,18.7,16.3,16.9,12.9,19.6,9.6,5.0,37.4,75.3,37.1,16.3,8.4,25.3,34.3,78.4,14.6,37.3,28.4,3.9,39.2,3.6,10.1,10.6,5.3
10003014908,New Castle,10003,2425,1792,39.6528388,-75.6287187,12.8,81.1,34.8,27.7,12.2,7.5,6.4,86.6,16.2,64.2,6.3,12.3,15.2,54.2,20.9,16.2,26.1,25.1,18.2,14.7,24.3,11.4,5.2,41.4,76.9,37.8,21.3,10.6,27.0,35.6,78.1,18.4,41.2,34.0,5.3,42.3,4.5,13.3,14.7,7.2
10003014909,New Castle,10003,6186,4652,39.6598756,-75.6229628,13.0,78.6,31.2,23.4,14.7,6.0,5.6,85.5,15.7,61.0,5.1,11.7,14.2,57.5,21.2,13.0,22.1,19.5,18.2,13.1,20.8,11.2,4.5,36.0,72.7,35.0,19.3,9.0,27.0,35.7,78.4,14.4,39.0,29.7,4.2,41.4,3.5,11.8,12.6,5.7
10003015000,New Castle,10003,5659,4542,39.6781772,-75.6062642,18.6,78.4,33.8,26.8,14.7,7.5,7.3,85.5,16.0,62.3,6.6,11.1,15.6,54.0,21.9,14.2,21.0,18.7,17.9,14.6,22.5,12.1,6.2,38.1,75.0,38.4,17.5,9.5,25.4,34.1,76.3,16.5,38.3,31.9,4.6,39.7,4.0,11.0,11.4,6.2
10003015100,New Castle,10003,3594,2808,39.6782337,-75.5805849,10.5,79.3,31.7,28.2,15.0,7.2,8.8,87.4,14.1,66.4,6.8,10.7,13.3,62.7,22.0,13.4,15.4,13.1,16.3,13.8,19.6,9.7,6.6,37.5,76.9,39.9,13.0,8.4,22.3,31.9,78.6,15.6,35.3,28.2,4.0,35.9,3.8,8.5,8.4,5.2
10003015200,New Castle,10003,5783,4501,39.7070504,-75.5832416,15.7,75.9,32.5,23.2,15.9,6.5,6.3,84.1,16.8,61.4,5.4,11.1,14.8,56.4,22.4,12.0,20.7,16.2,18.2,14.0,21.8,15.0,5.3,32.8,71.3,36.4,17.6,9.0,26.8,36.2,77.4,14.5,35.7,30.5,4.0,38.3,3.2,10.7,10.0,5.7
10003015400,New Castle,10003,2932,2209,39.7132227,-75.5536339,21.4,82.0,35.2,28.2,11.7,7.0,5.9,87.7,15.5,63.9,6.6,12.1,14.4,54.3,18.1,17.9,25.9,23.2,17.0,14.5,25.0,12.3,4.8,44.5,79.1,38.3,21.5,10.3,29.9,36.7,80.9,19.5,41.6,34.6,5.6,43.9,5.1,13.0,13.9,7.3
10003015502,New Castle,10003,2686,2035,39.7015729,-75.5381251,24.3,79.9,37.9,28.2,12.8,8.5,6.3,85.0,17.8,57.5,7.5,12.0,17.0,45.3,20.7,17.8,28.4,26.8,18.7,16.0,27.3,13.9,6.0,43.1,77.0,38.8,22.6,11.6,28.4,36.2,74.4,20.3,42.1,36.2,6.2,43.3,5.1,14.6,15.4,8.2
10003015600,New Castle,10003,2343,1791,39.7009532,-75.5636196,16.7,79.0,36.5,27.4,13.4,7.5,6.6,85.9,16.6,64.4,7.2,11.4,14.8,56.2,19.7,16.6,24.6,20.5,17.2,15.4,25.8,16.3,6.1,40.8,77.2,39.2,20.2,10.3,28.3,36.0,79.0,19.2,39.3,34.8,5.5,39.7,4.7,12.4,12.2,7.4
10003015802,New Castle,10003,2276,1726,39.684939,-75.5418995,12.4,75.3,32.1,22.9,16.4,6.2,6.3,84.1,16.1,60.3,5.5,10.3,14.3,56.2,21.3,12.3,20.2,15.2,17.3,13.9,21.8,16.5,5.4,32.9,71.9,37.0,17.1,8.5,25.9,34.8,74.8,14.3,35.9,30.9,4.0,37.2,3.2,10.2,9.6,5.7
10003015900,New Castle,10003,3344,2595,39.6879217,-75.5621035,11.7,78.9,31.6,26.7,15.0,6.7,7.9,87.2,14.5,62.3,6.3,10.9,13.6,59.0,21.1,13.3,17.0,13.9,16.6,13.7,20.1,11.1,6.0,37.1,75.6,38.8,14.9,8.4,24.6,33.3,75.8,15.2,36.1,28.8,4.0,38.2,3.7,9.2,9.2,5.3
10003016000,New Castle,10003,2999,2265,39.6849732,-75.571771,20.6,80.4,36.8,28.8,12.7,8.2,7.1,86.0,16.8,63.8,7.5,11.9,15.5,52.7,20.8,17.0,25.3,23.4,18.1,15.4,25.4,13.1,6.3,42.4,77.8,39.0,20.5,10.8,27.1,35.4,76.3,19.4,40.8,34.7,5.6,41.5,4.9,13.1,13.8,7.5
10003016100,New Castle,10003,1961,1661,39.6685783,-75.56076,10.7,82.1,30.2,31.2,13.8,7.1,10.8,90.4,12.0,71.7,7.3,10.6,11.5,67.3,20.6,13.6,11.5,9.4,14.4,13.1,17.6,7.0,6.8,40.4,79.8,42.8,10.0,7.4,21.3,30.3,81.4,15.3,33.5,25.5,3.6,33.9,4.0,6.6,6.4,4.5
10003016200,New Castle,10003,3051,2509,39.6567679,-75.5860423,8.0,79.4,27.4,26.4,16.0,5.7,9.3,88.6,12.2,71.1,5.8,10.5,10.7,68.3,21.8,10.8,10.8,8.3,15.3,11.8,15.4,7.4,5.8,34.0,76.0,38.8,9.9,6.7,21.2,31.4,80.4,12.4,31.7,23.1,2.9,34.0,3.1,6.4,6.0,3.8
10003016301,New Castle,10003,7385,5955,39.612313,-75.6769433,9.8,78.7,28.9,24.9,14.8,6.0,7.4,86.9,13.4,65.9,5.6,10.6,12.0,64.0,20.8,12.3,15.3,12.4,15.9,12.4,18.1,9.0,5.3,34.9,75.2,38.0,12.9,7.6,23.7,32.9,80.1,13.6,33.4,26.5,3.6,35.9,3.4,8.4,8.1,4.8
10003016306,New Castle,10003,4598,3569,39.6358766,-75.6392763,12.8,79.4,30.5,25.3,14.4,6.3,6.7,86.9,14.3,65.1,5.8,11.1,13.2,61.5,20.5,13.7,18.4,15.5,16.5,13.1,20.2,10.1,5.1,37.1,75.5,37.8,15.6,8.4,25.2,33.9,78.7,14.9,36.3,28.4,4.2,38.4,3.7,9.9,10.0,5.5
10003016307,New Castle,10003,2756,2221,39.6188596,-75.6553471,7.8,79.7,26.5,24.3,15.5,5.1,7.3,88.5,12.3,64.8,5.1,10.7,10.7,62.3,20.1,11.7,12.8,9.5,15.4,11.5,16.0,7.3,4.5,34.6,75.4,37.6,11.9,6.7,24.1,33.0,78.8,12.1,33.4,23.5,3.2,38.0,3.1,7.4,7.3,4.0
10003016308,New Castle,10003,3728,2990,39.6261594,-75.6146868,14.6,79.9,29.9,23.6,13.8,5.7,5.3,86.8,14.6,64.5,5.1,11.6,13.4,63.7,19.8,14.0,21.0,18.1,17.3,12.7,20.3,9.4,4.1,37.7,74.6,36.0,18.5,8.6,27.7,35.6,80.2,14.4,38.5,28.9,4.3,39.9,3.6,11.2,12.1,5.6
10003016309,New Castle,10003,4125,3307,39.657883,-75.6071747,13.2,80.4,31.8,27.1,13.7,6.9,7.2,87.3,14.4,67.0,6.4,11.3,13.7,60.2,20.3,14.9,19.2,16.9,16.6,13.5,20.9,9.8,5.4,40.0,77.2,38.9,16.1,8.7,25.5,33.9,80.3,15.9,37.9,29.4,4.4,39.0,4.1,10.3,10.6,5.7
10003016401,New Castle,10003,6711,5269,39.5664091,-75.680589,11.2,80.1,26.4,24.7,14.7,5.3,7.5,88.6,11.9,65.2,5.3,10.4,10.9,64.2,19.7,12.2,12.7,9.7,14.8,11.5,16.1,6.9,4.9,35.3,76.3,38.7,11.1,6.7,23.3,32.0,80.2,12.4,32.4,24.1,3.2,36.5,3.2,7.2,7.0,4.1
10003016404,New Castle,10003,3334,2622,39.575228,-75.6186613,10.8,78.6,30.2,27.5,16.2,6.9,8.7,87.2,14.0,65.2,6.3,10.9,13.7,63.0,23.2,12.1,13.1,11.0,16.8,13.4,18.0,7.9,6.1,35.8,75.5,39.4,11.4,7.9,22.0,31.9,75.7,14.1,34.2,25.9,3.6,35.6,3.5,7.7,7.4,4.6
10003016608,New Castle,10003,6561,5064,39.5094336,-75.6012906,7.6,80.0,25.4,26.3,15.9,5.5,9.5,89.7,11.2,71.0,5.6,10.2,10.2,72.4,21.2,10.7,9.3,7.0,14.4,11.3,14.3,6.2,5.4,34.0,76.2,39.8,8.6,6.1,20.5,30.1,81.3,11.5,30.8,21.4,2.7,32.6,3.0,5.6,5.4,3.4
10003016609,New Castle,10003,5595,4312,39.5013554,-75.7361011,7.9,79.0,23.8,24.7,17.6,5.0,8.9,89.2,11.0,65.2,5.0,10.2,9.7,71.3,22.3,9.7,8.0,5.9,14.5,10.9,13.3,5.3,4.9,31.4,74.6,38.7,7.5,5.8,18.6,29.3,77.2,10.4,30.2,19.4,2.6,32.0,2.6,5.1,4.8,3.2
10003016610,New Castle,10003,7062,5510,39.4451537,-75.7450935,13.7,80.3,31.2,28.1,14.3,6.8,9.4,87.7,13.4,66.2,7.0,10.8,11.7,59.9,21.6,12.9,14.5,12.6,15.9,12.9,18.4,8.5,6.8,37.7,77.3,39.2,12.5,8.2,21.8,31.8,78.4,15.0,34.2,26.8,3.7,36.2,3.9,8.4,8.4,5.0
10003016611,New Castle,10003,7851,5645,39.5223043,-75.6908419,7.2,78.0,21.8,20.7,17.5,4.0,6.9,88.8,10.7,68.0,3.9,10.1,9.2,69.1,21.1,8.8,9.4,7.0,14.5,9.7,12.5,5.8,3.9,28.9,71.2,35.0,9.3,5.4,20.8,30.7,79.4,8.8,30.5,19.0,2.3,34.9,2.3,5.8,5.8,3.0
10003016612,New Castle,10003,6450,4739,39.4805903,-75.6911324,7.1,80.3,23.9,25.5,15.9,5.1,8.9,90.2,10.4,65.5,5.3,10.1,9.5,69.0,21.0,10.8,8.8,6.8,13.8,10.8,13.7,5.3,5.0,33.7,76.0,39.3,8.2,5.8,19.1,28.8,77.6,10.9,31.1,20.3,2.7,33.9,2.9,5.5,5.5,3.4
10003016613,New Castle,10003,6109,4337,39.4580597,-75.7040961,12.1,78.4,27.7,22.9,15.7,5.3,6.2,86.7,13.7,62.1,4.7,11.0,12.0,62.5,21.2,11.5,15.9,12.9,16.5,11.9,17.6,9.0,4.3,33.2,73.2,35.6,14.0,7.6,24.0,33.6,78.5,12.5,34.7,25.4,3.5,37.8,3.0,8.8,8.8,4.6
10003016614,New Castle,10003,6239,4474,39.4530985,-75.6756329,6.1,78.6,22.1,21.0,17.4,3.9,7.0,88.9,10.8,65.3,3.9,10.3,9.0,72.2,20.9,8.9,9.4,6.9,14.6,9.7,12.6,6.0,3.9,29.3,71.8,35.0,9.4,5.5,21.1,31.2,79.5,9.0,30.6,19.0,2.3,34.0,2.3,5.9,5.8,3.0
10003016805,New Castle,10003,1723,1396,39.3508117,-75.7232541,9.7,78.5,31.1,29.6,16.5,7.7,10.1,87.5,14.0,66.5,7.0,10.6,14.1,65.9,23.4,12.0,11.2,9.0,16.5,14.1,18.1,7.8,7.0,36.4,76.5,41.7,9.4,7.9,21.4,31.3,76.8,14.7,32.8,26.0,3.5,32.9,3.6,6.6,5.9,4.4
10003016806,New Castle,10003,6347,4487,39.4043663,-75.7214521,7.2,78.6,24.4,22.4,16.9,4.7,7.0,88.3,11.8,64.1,4.5,10.5,10.7,65.6,21.2,10.1,11.4,9.1,15.3,10.7,14.5,6.5,4.4,31.8,72.4,35.7,10.9,6.3,21.8,31.2,79.3,10.5,33.0,21.3,2.8,36.7,2.7,6.9,7.2,3.6
10003016807,New Castle,10003,1901,1411,39.4472925,-75.6175785,5.7,79.1,22.7,23.2,17.6,4.4,8.0,89.3,10.6,64.7,4.6,10.2,9.2,72.3,21.6,9.5,8.2,6.2,14.3,10.2,12.7,5.0,4.4,31.1,73.9,37.0,8.0,5.5,19.0,29.4,79.3,9.7,31.0,18.8,2.5,33.4,2.5,5.3,5.3,3.1
10003016808,New Castle,10003,7377,5511,39.406162,-75.6447895,8.2,77.8,24.0,21.8,18.2,4.4,7.4,87.0,11.7,66.6,4.5,10.2,9.5,68.6,20.9,9.2,9.6,6.9,15.2,10.1,13.2,6.4,4.4,30.2,72.4,35.1,9.4,5.8,22.0,32.2,80.2,9.6,30.4,19.7,2.4,34.7,2.5,6.2,5.8,3.2
10003016901,New Castle,10003,2364,1876,39.3186614,-75.6736781,13.7,78.8,33.3,31.2,15.7,9.0,10.6,87.1,14.9,67.2,8.0,10.9,15.3,61.2,24.5,13.2,13.1,11.5,17.0,15.1,20.2,8.4,7.8,38.2,77.2,42.5,10.3,8.9,20.6,30.9,74.0,16.5,34.0,27.5,4.2,34.0,4.1,7.5,6.8,5.1
10003016904,New Castle,10003,3096,2872,39.3744719,-75.5757732,20.7,75.7,35.2,25.3,16.8,8.5,6.9,82.7,16.9,58.5,7.6,9.9,20.3,48.4,19.6,14.8,22.9,20.3,17.5,15.2,25.0,13.5,6.7,41.3,71.3,39.0,18.7,9.5,29.1,34.2,69.4,16.5,40.1,32.1,5.2,41.5,4.2,12.1,12.6,6.4
10005050101,Sussex,10005,4013,3236,38.858625,-75.4731324,9.3,81.6,29.4,30.5,15.2,7.5,10.6,88.7,12.3,70.9,7.5,10.6,13.2,65.6,21.6,11.7,10.5,7.9,14.8,13.6,17.3,8.4,7.7,38.3,80.9,45.1,8.6,7.5,19.7,30.2,80.8,13.8,32.6,24.9,3.4,31.7,3.7,6.0,5.5,4.3
10005050103,Sussex,10005,5063,4221,38.9003202,-75.3269701,7.5,83.5,29.1,32.6,13.5,7.8,11.7,90.3,11.2,70.6,8.1,10.5,12.3,65.4,20.6,12.6,9.9,7.9,13.5,13.5,17.2,7.4,8.2,40.8,83.0,47.1,7.8,7.2,18.3,28.6,80.9,14.5,32.1,24.8,3.5,31.4,3.9,5.6,5.2,4.4
10005050104,Sussex,10005,5031,3785,38.8985485,-75.4294925,15.3,80.0,35.5,29.8,13.9,9.7,8.3,84.7,16.4,65.3,8.2,11.3,18.7,56.4,22.3,14.3,21.7,19.6,17.2,16.4,25.0,14.9,8.1,40.3,79.0,43.9,15.6,10.7,22.9,33.0,78.2,17.9,37.7,33.5,5.2,34.9,4.4,10.7,10.5,7.1
10005050105,Sussex,10005,5939,4388,38.8575067,-75.3949474,14.8,80.6,32.6,28.7,14.4,8.3,7.9,86.3,15.0,65.7,7.3,11.4,17.0,55.7,21.4,13.6,19.0,16.0,16.8,15.1,22.2,12.7,7.0,39.7,79.0,42.9,14.8,9.3,23.5,33.0,79.5,15.9,37.8,30.8,4.6,36.9,4.0,9.6,9.7,6.0
10005050200,Sussex,10005,3744,2777,38.7823193,-75.4046488,14.3,80.1,33.9,28.9,14.5,8.9,7.8,85.2,15.8,65.5,7.6,11.4,18.5,54.5,21.9,14.0,20.4,18.1,17.4,15.8,23.5,13.0,7.4,40.3,78.7,43.0,15.6,10.0,23.7,33.1,77.7,16.7,38.6,32.1,4.9,37.7,4.2,10.3,10.5,6.5
10005050302,Sussex,10005,5521,4001,38.7828597,-75.5400516,15.3,79.4,35.2,29.3,14.5,9.8,8.1,84.4,16.7,64.3,8.1,11.4,19.3,56.4,22.9,14.0,21.5,19.2,17.6,16.6,24.9,15.3,7.9,39.5,78.1,43.6,15.8,10.5,22.8,32.8,77.0,17.3,38.2,33.1,5.2,35.6,4.3,10.7,10.6,6.9
10005050303,Sussex,10005,2935,2313,38.8023731,-75.6438982,13.0,79.7,35.1,30.3,14.7,9.5,9.1,85.1,16.2,64.3,8.2,11.5,18.2,56.9,22.8,13.0,17.6,14.8,17.4,16.1,23.1,12.3,8.4,39.6,79.1,44.3,12.9,10.2,23.6,33.9,77.6,17.2,35.2,31.3,4.7,34.8,4.3,9.0,8.2,6.1
10005050304,Sussex,10005,4616,3670,38.7427932,-75.6695767,13.9,84.1,34.8,36.4,12.0,10.6,12.0,89.5,13.2,70.4,10.3,11.0,15.6,61.2,20.8,16.1,14.9,13.3,14.5,16.2,22.6,10.4,9.9,46.2,84.2,49.5,10.7,9.3,19.9,29.4,78.9,19.0,35.9,30.6,4.9,32.8,5.1,7.7,7.4,6.2
10005050401,Sussex,10005,3606,2872,38.6445255,-75.6657735,10.8,81.9,32.7,32.4,14.1,9.4,10.2,87.9,14.0,68.4,8.5,11.2,16.9,61.9,22.3,13.6,14.2,12.3,16.0,15.5,20.9,8.8,8.3,41.6,81.2,46.2,10.7,9.0,21.0,30.9,77.6,16.4,35.5,28.9,4.4,33.2,4.3,7.5,7.3,5.4
10005050403,Sussex,10005,3517,2621,38.6152441,-75.6169436,13.0,80.5,32.2,28.9,14.7,8.1,8.6,86.6,14.6,65.5,7.4,11.1,16.1,57.6,21.5,13.1,16.9,13.7,16.4,14.9,21.3,12.7,7.3,39.1,79.1,43.5,13.5,8.9,23.0,32.6,79.6,15.4,36.5,29.7,4.3,35.9,3.9,8.7,8.6,5.6
10005050405,Sussex,10005,4378,3304,38.6689165,-75.6275848,11.9,81.0,32.2,29.3,14.2,8.4,8.8,86.6,14.4,66.6,7.6,11.2,16.4,59.0,21.4,12.9,16.7,14.3,16.4,14.7,21.1,10.8,7.5,39.8,79.5,43.5,12.9,9.1,23.0,32.7,78.2,15.6,35.7,29.4,4.3,35.2,4.0,8.6,8.6,5.6
10005050406,Sussex,10005,5475,4063,38.6723012,-75.6073248,24.5,81.6,39.4,32.1,12.1,10.9,8.8,85.1,17.5,63.5,9.5,12.1,19.1,50.4,21.3,16.4,25.8,23.8,17.5,17.7,28.3,16.0,9.1,44.2,80.8,44.7,18.5,12.5,25.3,34.9,76.1,21.3,38.9,36.8,6.4,38.0,5.4,12.7,12.6,8.5
10005050407,Sussex,10005,5238,4210,38.6776146,-75.5526093,19.2,82.5,36.8,33.5,12.4,11.0,8.9,86.5,15.8,67.0,9.6,11.7,19.2,53.8,21.4,17.5,22.6,21.8,16.8,17.2,26.4,12.2,8.6,46.2,82.2,46.4,15.9,11.1,22.8,31.9,78.0,20.3,40.3,34.7,6.1,36.9,5.4,11.2,11.7,7.8
10005050408,Sussex,10005,4534,3546,38.634459,-75.5268421,19.2,81.4,36.5,32.2,13.3,10.4,8.8,85.8,16.2,63.9,9.0,11.7,19.2,53.5,22.2,15.8,21.3,19.8,17.4,17.0,25.5,13.0,8.5,43.5,80.7,45.3,15.5,10.9,23.1,32.6,76.5,19.1,39.2,34.2,5.6,37.3,4.9,10.6,10.8,7.2
10005050501,Sussex,10005,4201,3285,38.693015,-75.4367201,16.0,79.8,31.6,28.3,15.4,8.1,8.5,85.9,14.5,65.2,7.3,10.9,16.2,58.9,21.8,12.5,16.2,13.1,16.4,14.7,20.8,12.3,7.3,37.9,78.5,43.3,12.6,8.7,22.0,32.1,78.9,14.8,35.8,28.8,4.2,35.2,3.8,8.4,8.1,5.4
10005050503,Sussex,10005,5604,3737,38.7247175,-75.3872263,35.7,74.8,45.5,25.2,13.6,11.3,5.3,75.1,24.3,52.2,8.5,11.4,24.6,38.7,22.5,16.6,44.8,41.6,20.6,20.8,38.8,35.4,8.7,38.4,72.9,41.0,31.1,16.0,27.9,37.7,73.0,22.4,43.7,47.5,8.4,39.4,4.9,21.3,20.5,13.3
10005050505,Sussex,10005,2420,2212,38.672797,-75.374155,13.5,76.5,32.0,22.5,17.8,7.2,6.5,81.2,15.4,62.2,6.5,9.6,18.1,51.7,18.1,11.4,20.3,16.1,16.2,13.7,22.1,15.6,6.7,37.4,71.4,39.1,16.2,8.6,27.5,34.5,79.5,13.3,37.3,29.4,4.1,38.4,3.5,10.6,10.5,5.7
10005050506,Sussex,10005,4112,3099,38.6732275,-75.3370237,9.1,80.1,30.2,27.5,15.0,7.4,8.8,87.0,13.6,68.9,7.1,10.6,14.3,63.5,20.8,11.9,14.8,11.1,15.2,14.0,19.8,13.1,7.2,36.6,78.9,43.4,11.7,8.0,21.6,31.7,81.0,14.0,33.7,27.3,3.8,33.1,3.6,7.6,7.0,5.1
10005050601,Sussex,10005,5391,4138,38.6014626,-75.3754891,11.1,80.4,31.4,29.5,15.0,8.4,9.0,86.7,14.2,67.0,7.5,11.0,16.2,59.4,22.1,12.6,15.3,12.5,16.1,14.9,20.6,11.8,7.4,38.4,79.5,44.4,11.8,8.6,21.4,31.5,78.5,15.1,35.2,28.5,4.1,34.5,3.8,7.9,7.5,5.3
10005050603,Sussex,10005,3956,3165,38.5890653,-75.3126364,9.5,83.0,26.1,29.9,14.5,6.4,10.9,90.4,10.4,75.0,6.9,10.4,10.7,67.9,20.4,11.1,8.6,6.5,13.3,12.0,14.8,6.7,7.1,37.9,81.7,45.1,7.4,6.3,18.1,28.6,82.1,12.1,31.1,21.9,2.9,31.4,3.4,5.1,4.8,3.7
10005050604,Sussex,10005,4674,3611,38.5582558,-75.2963156,17.1,82.2,35.4,33.0,12.7,10.5,9.5,86.8,15.3,67.9,9.0,11.7,17.9,58.4,22.5,15.7,20.2,19.3,16.7,16.6,24.6,11.9,8.6,43.4,81.4,45.9,14.5,10.7,21.2,31.3,80.4,18.9,38.4,32.7,5.5,35.4,4.8,10.2,10.5,7.0
10005050701,Sussex,10005,5068,4322,38.6348589,-75.2534274,13.2,84.2,33.0,35.9,12.4,9.7,12.0,90.4,12.3,69.4,9.6,10.8,14.7,60.0,20.4,15.2,12.7,10.5,13.9,15.4,20.8,9.2,9.2,45.3,84.3,49.5,9.4,8.4,19.9,29.2,78.0,17.6,34.6,28.6,4.4,32.7,4.8,6.7,6.3,5.4
10005050703,Sussex,10005,2153,1786,38.5953496,-75.2311317,20.3,82.6,37.3,35.8,12.5,11.3,11.3,88.0,14.8,69.5,10.5,11.1,17.6,57.2,21.0,16.1,17.4,14.8,15.3,17.4,25.1,13.1,10.3,45.3,83.2,48.9,12.1,10.4,21.5,31.0,77.3,20.4,36.0,33.2,5.4,33.4,5.3,8.7,8.0,7.0
10005050706,Sussex,10005,1772,1557,38.6126915,-75.135149,8.3,85.3,30.4,37.3,12.5,8.9,13.9,92.3,10.6,75.7,9.2,10.4,12.8,69.9,20.4,13.5,8.1,6.4,12.7,14.4,17.4,6.1,9.3,44.4,85.2,51.1,6.1,7.2,17.3,27.1,82.4,15.8,31.7,25.3,3.6,28.9,4.3,4.6,4.1,4.3
10005050707,Sussex,10005,2578,2285,38.6250573,-75.1712356,9.8,86.3,32.3,39.3,11.2,9.6,14.7,92.5,10.6,77.2,10.2,10.4,12.5,65.1,20.0,14.8,8.8,7.2,12.6,14.9,18.4,6.7,10.2,47.0,86.4,52.2,6.5,7.6,17.6,27.4,77.3,17.1,32.3,26.9,3.8,30.2,4.8,4.9,4.4,4.6
10005050708,Sussex,10005,2774,2424,38.6084045,-75.173135,9.3,85.9,30.1,37.3,11.6,8.8,13.8,92.6,10.2,75.4,9.5,10.2,12.1,64.3,19.4,14.4,8.9,6.9,12.0,14.3,17.8,7.2,9.3,45.4,85.7,51.9,6.6,7.0,17.6,26.9,79.6,15.9,31.9,25.4,3.6,31.2,4.4,4.9,4.3,4.5
10005050709,Sussex,10005,1956,1774,38.6511616,-75.1736779,9.1,87.7,31.4,40.4,10.4,8.9,16.5,94.0,9.2,78.9,10.6,9.8,10.3,74.1,18.3,14.2,6.7,5.1,10.7,14.1,17.0,5.7,10.8,47.8,87.6,53.8,4.7,6.9,16.2,25.8,80.4,16.7,29.5,25.0,3.4,26.7,4.7,3.8,3.2,4.3
10005050710,Sussex,10005,1870,1457,38.6362971,-75.1532976,15.1,81.2,37.2,34.5,13.4,11.1,10.6,86.6,15.9,67.4,9.6,11.4,19.0,56.2,22.7,14.6,17.0,14.4,16.9,17.4,24.3,12.7,9.7,43.1,81.9,47.5,12.1,10.4,22.6,32.7,75.5,19.2,35.9,33.7,4.9,34.6,4.9,8.5,7.7,6.4
10005050711,Sussex,10005,1505,1256,38.629738,-75.1141222,12.6,82.0,37.8,35.8,12.9,12.1,11.1,86.6,15.7,68.5,10.8,11.3,18.8,56.8,22.9,16.1,18.0,16.9,16.4,17.7,25.4,12.4,10.6,45.1,82.8,48.5,12.1,11.0,20.3,30.6,78.4,20.4,37.2,33.7,5.6,33.3,5.3,9.1,8.6,7.1
10005050801,Sussex,10005,3979,3225,38.8045382,-75.3101471,9.0,82.5,28.7,31.0,14.5,7.5,10.8,89.4,11.6,72.0,7.6,10.6,12.7,65.1,21.1,12.2,10.7,8.6,14.1,13.3,17.2,8.2,7.7,39.3,81.7,45.7,8.6,7.2,18.8,29.1,79.6,13.9,32.9,24.7,3.4,31.6,3.7,6.0,5.7,4.4
10005050804,Sussex,10005,4188,3465,38.7025707,-75.2584356,13.2,83.8,27.8,32.7,13.6,7.7,11.6,91.0,10.7,71.6,7.9,10.4,12.4,65.9,20.2,12.8,9.6,7.7,13.0,13.3,16.9,7.1,7.7,41.4,83.2,48.0,7.4,6.8,18.1,27.7,79.0,14.0,32.5,23.8,3.4,31.3,3.8,5.3,5.0,4.2
10005050805,Sussex,10005,3038,2464,38.7353353,-75.3324184,8.7,84.1,27.3,33.1,13.5,7.4,12.5,91.5,10.0,75.3,8.0,10.0,11.3,68.1,20.0,12.2,8.3,6.4,12.3,12.9,15.9,7.3,8.0,40.8,83.5,48.4,6.6,6.4,16.9,26.8,80.7,13.5,31.4,23.0,3.1,30.0,3.7,4.7,4.3,3.9
10005050806,Sussex,10005,4454,3735,38.7601194,-75.2551308,7.9,84.3,29.6,34.7,12.9,8.6,12.2,91.0,11.0,72.0,8.7,10.4,13.2,69.2,20.4,13.7,10.2,8.4,13.1,14.1,18.1,7.6,8.5,43.2,84.0,49.2,7.7,7.3,18.1,27.6,80.7,15.3,33.3,25.7,3.7,30.0,4.2,5.5,5.2,4.6
10005050807,Sussex,10005,1824,1622,38.753666,-75.2326063,8.3,85.7,34.3,39.5,10.9,11.2,14.3,91.4,11.8,75.0,11.3,10.5,13.9,64.2,20.4,16.0,11.6,10.2,12.6,16.1,21.6,8.5,10.9,47.7,86.4,52.9,7.3,8.9,17.3,27.2,79.2,19.4,32.6,29.0,4.7,29.7,5.3,5.9,5.1,5.8
10005050808,Sussex,10005,4150,3726,38.7507247,-75.198667,7.1,85.5,27.4,35.1,12.4,7.4,13.8,92.5,9.3,74.1,8.5,9.9,9.8,71.9,19.3,12.6,7.1,5.2,11.5,12.7,15.3,6.6,8.5,42.3,85.2,50.1,5.6,6.2,16.1,26.2,82.5,13.8,30.1,22.4,3.0,27.9,3.9,4.2,3.7,3.8
10005050903,Sussex,10005,2161,1968,38.7740135,-75.158172,5.3,87.9,29.1,39.0,10.4,7.7,16.6,94.3,8.1,77.8,10.0,9.4,8.3,75.2,17.4,13.6,5.8,4.4,9.7,12.7,15.2,5.5,10.2,46.8,87.7,53.0,4.3,6.2,14.8,24.6,82.8,15.2,28.5,22.6,3.1,25.1,4.4,3.5,3.0,3.9
10005050904,Sussex,10005,2592,2256,38.7608606,-75.148844,10.9,87.0,34.3,40.7,10.2,10.1,15.9,92.9,10.8,74.8,11.2,10.4,11.5,64.6,19.5,15.0,9.2,7.8,11.7,15.3,19.8,7.1,11.5,47.9,87.2,52.8,6.2,8.5,16.4,26.7,79.2,19.2,30.8,27.5,4.3,28.9,5.2,5.0,4.3,5.4
10005050905,Sussex,10005,2848,2485,38.7916515,-75.217831,8.9,85.1,27.7,34.6,12.8,7.5,13.7,92.3,9.4,75.7,8.6,9.8,10.5,73.2,19.3,12.4,7.1,5.4,11.6,12.8,15.4,5.8,8.8,42.3,84.7,49.9,5.4,6.3,16.2,26.1,79.7,13.8,30.0,22.6,3.1,27.6,3.9,4.2,3.7,3.8
10005051008,Sussex,10005,4100,3626,38.7410843,-75.1356342,7.8,85.4,27.8,35.0,12.5,7.4,14.1,92.6,9.3,76.0,8.5,9.8,9.9,71.1,19.1,12.2,7.0,5.1,11.3,12.7,15.3,6.7,8.7,42.1,84.9,50.0,5.5,6.3,16.3,26.4,82.8,13.9,29.4,22.3,3.0,27.5,3.9,4.1,3.5,3.8
10005051009,Sussex,10005,2313,1978,38.7380906,-75.1102598,9.0,85.2,22.8,31.4,13.7,5.6,12.7,93.0,7.9,75.0,7.0,9.4,8.2,73.4,18.1,11.1,5.5,3.9,10.5,10.8,12.4,4.4,7.0,39.7,84.0,48.7,4.6,4.9,15.4,25.1,82.5,10.8,28.9,18.5,2.5,28.2,3.2,3.5,3.2,3.0
10005051010,Sussex,10005,2795,2452,38.7147997,-75.1624529,7.5,85.7,28.7,36.5,12.3,8.1,13.9,92.7,9.7,76.6,9.0,10.1,11.3,69.5,19.9,13.5,7.6,6.1,11.9,13.6,16.3,5.7,9.0,44.1,85.3,50.8,5.9,6.7,16.0,25.8,81.9,14.9,31.7,23.6,3.4,28.7,4.1,4.5,4.2,4.1
10005051011,Sussex,10005,3580,3083,38.7329306,-75.179201,8.8,85.6,27.1,35.0,12.4,7.4,13.5,92.9,9.2,70.9,8.3,9.9,10.3,68.6,19.2,12.8,7.3,5.6,11.5,12.8,15.3,5.7,8.3,42.8,84.9,50.2,5.7,6.2,16.2,25.8,81.6,13.8,30.8,22.5,3.1,29.7,3.9,4.3,4.0,3.8
10005051012,Sussex,10005,1908,1715,38.6825449,-75.1704153,12.3,85.7,33.5,39.1,11.4,10.3,13.9,91.8,11.6,70.6,10.5,10.6,14.2,60.9,20.9,15.2,10.2,8.8,13.3,15.8,20.0,6.7,10.5,46.9,85.9,51.8,7.2,8.4,17.8,27.6,77.1,18.3,33.4,28.6,4.3,31.7,4.9,5.5,5.1,5.2
10005051013,Sussex,10005,3686,3150,38.6822087,-75.2046526,9.1,85.4,29.6,36.5,12.2,8.6,13.6,92.4,10.3,75.5,9.1,10.3,12.3,70.4,20.1,13.7,8.5,6.7,12.3,14.0,17.3,6.5,9.0,44.2,85.2,50.8,6.3,7.0,17.2,26.8,82.6,15.5,31.8,24.8,3.5,28.9,4.3,4.7,4.3,4.3
10005051014,Sussex,10005,1881,1709,38.6656639,-75.1404735,7.6,87.7,28.4,39.3,10.9,8.2,15.8,94.4,8.5,77.5,9.7,9.8,10.0,71.7,18.6,14.0,6.1,4.7,10.5,13.3,15.6,4.8,9.5,46.8,87.2,53.9,4.5,6.1,15.3,24.6,82.0,15.0,30.3,23.0,3.2,27.3,4.3,3.6,3.1,3.8
10005051015,Sussex,10005,1877,1626,38.7024755,-75.1502415,9.7,85.3,27.9,35.2,12.6,7.7,13.7,92.4,9.6,76.4,8.5,10.0,10.6,70.7,19.6,12.7,7.5,5.9,11.6,13.1,15.9,6.0,8.7,42.5,84.9,50.2,5.7,6.5,15.9,26.0,81.9,14.3,30.5,22.9,3.3,28.1,3.9,4.3,3.9,4.0
10005051016,Sussex,10005,1879,1685,38.696787,-75.1040405,3.9,85.9,23.5,33.4,13.2,5.9,14.2,93.8,7.5,77.4,7.8,9.3,7.9,76.1,18.3,11.3,4.7,3.4,10.0,11.0,12.4,4.2,7.9,41.0,84.8,50.0,4.0,4.9,14.0,23.7,83.6,11.3,28.7,18.3,2.5,26.0,3.4,3.1,2.9,3.0
10005051017,Sussex,10005,3804,3435,38.7127053,-75.1314215,7.8,85.7,26.2,34.7,12.7,7.0,14.0,93.2,8.6,76.3,8.3,9.6,9.5,74.9,18.6,12.3,6.2,4.5,10.8,12.3,14.4,5.5,8.3,42.3,85.1,50.5,5.0,5.7,15.6,25.2,83.1,13.1,29.7,21.2,2.9,27.0,3.7,3.7,3.4,3.6
10005051101,Sussex,10005,629,589,38.7246512,-75.081308,3.2,86.9,23.8,35.0,12.5,5.9,15.8,94.2,6.9,80.6,8.4,9.0,6.6,77.3,17.3,11.4,3.8,2.6,9.1,10.7,11.7,3.9,8.6,42.6,86.2,51.6,3.2,4.6,13.4,23.2,85.3,11.3,27.0,17.3,2.4,24.8,3.5,2.7,2.3,2.9
10005051102,Sussex,10005,1029,970,38.7095848,-75.0826663,4.5,86.2,25.5,35.2,12.8,6.6,15.1,93.7,7.8,78.7,8.7,9.1,8.4,74.3,17.9,12.1,4.8,3.5,10.0,11.6,13.2,4.4,8.9,43.3,85.7,51.3,3.9,5.2,14.4,23.9,83.3,12.5,28.7,19.6,2.7,26.5,3.7,3.2,2.8,3.2
10005051103,Sussex,10005,952,866,38.6497729,-75.0786028,5.3,86.1,24.6,34.2,12.9,6.2,14.5,93.3,7.9,77.8,7.9,9.7,7.8,76.6,19.0,11.2,4.8,3.5,10.5,11.3,12.6,3.7,8.1,41.0,85.2,49.8,3.9,5.3,13.9,24.4,82.6,11.9,28.2,18.6,2.6,25.5,3.5,3.3,2.8,3.1
10005051201,Sussex,10005,1513,1391,38.5853988,-75.0743771,7.1,87.1,27.8,37.6,11.5,7.5,15.8,93.9,8.4,77.6,9.3,9.6,8.8,73.1,18.4,12.9,5.6,4.1,10.2,12.6,14.7,4.8,9.5,44.7,86.7,52.4,4.2,6.0,14.6,24.6,80.9,14.3,28.7,21.5,3.0,26.1,4.1,3.5,2.9,3.7
10005051202,Sussex,10005,856,822,38.5517754,-75.0697839,6.1,89.1,26.2,39.4,10.0,6.5,18.2,95.5,6.7,81.8,9.4,9.1,6.2,79.7,16.8,12.4,3.6,2.5,8.5,11.3,12.4,3.7,9.9,46.1,88.5,54.3,2.8,5.0,13.0,22.9,83.5,13.1,26.2,19.0,2.5,23.0,4.0,2.5,2.0,3.1
10005051203,Sussex,10005,792,726,38.5318087,-75.0671513,7.3,88.5,27.1,39.0,10.3,7.2,17.2,95.1,7.5,79.2,9.4,9.5,7.6,78.2,18.0,12.7,4.5,3.2,9.5,12.2,13.6,3.7,9.7,45.6,87.9,53.8,3.4,5.5,13.8,23.9,84.4,13.8,27.4,20.4,2.8,23.7,4.1,2.9,2.3,3.4
10005051204,Sussex,10005,652,627,38.5117964,-75.0539049,4.4,89.0,25.1,38.2,10.3,6.1,17.9,95.7,6.4,81.2,9.2,8.9,5.8,79.8,16.8,12.1,3.3,2.3,8.3,10.9,11.8,3.1,9.6,45.5,88.1,53.9,2.6,4.7,12.3,22.3,83.2,12.4,26.1,17.9,2.4,23.1,3.8,2.4,1.9,3.0
10005051205,Sussex,10005,580,543,38.4775226,-75.0533451,9.6,87.2,29.3,38.0,10.9,7.8,16.7,93.9,8.6,79.6,10.0,9.4,8.6,76.4,17.9,12.7,5.6,4.0,10.1,12.8,15.2,5.2,10.6,45.0,87.1,52.7,4.0,6.2,15.4,25.5,81.2,14.9,26.9,22.1,3.0,24.4,4.3,3.4,2.6,3.8
10005051302,Sussex,10005,4907,4337,38.5154455,-75.16382,7.3,85.5,28.3,36.3,12.5,8.3,13.5,92.6,9.9,77.2,8.7,10.2,11.8,71.4,19.9,13.5,7.9,6.1,12.1,13.7,16.5,6.0,8.5,44.0,85.2,51.2,6.0,6.6,16.8,26.4,80.6,14.7,31.9,23.8,3.4,28.7,4.1,4.5,4.1,4.0
10005051307,Sussex,10005,2975,2708,38.5648942,-75.1101812,8.2,86.9,33.0,41.2,10.5,10.7,15.4,92.8,10.5,76.7,11.4,10.3,12.9,70.5,20.0,16.2,9.2,8.2,11.8,15.5,19.8,6.4,11.0,49.4,87.3,54.2,6.0,8.0,15.9,25.5,81.2,18.5,32.8,27.3,4.3,27.1,5.1,5.0,4.4,5.2
10005051308,Sussex,10005,4074,3530,38.5705511,-75.1509289,6.2,85.5,30.6,37.1,12.2,9.0,14.1,92.0,10.4,74.1,9.9,10.2,11.9,67.8,20.2,14.1,8.3,6.9,12.3,14.2,17.7,6.3,9.9,45.1,85.5,51.0,6.1,7.3,16.2,26.1,82.6,16.0,32.0,24.9,3.7,29.4,4.5,4.8,4.4,4.5
10005051309,Sussex,10005,1488,1407,38.4682223,-75.0785055,8.2,87.3,29.5,39.2,10.9,8.6,15.8,93.9,9.0,78.9,9.8,9.8,10.5,67.8,18.6,13.9,6.6,5.1,10.7,13.6,16.3,5.2,9.8,46.8,87.2,53.6,4.7,6.5,15.8,25.4,78.5,15.6,29.9,24.0,3.3,28.8,4.4,3.8,3.2,4.0
10005051310,Sussex,10005,1933,1765,38.4875063,-75.122719,6.2,87.5,27.5,38.5,11.1,7.9,15.9,94.5,8.3,77.3,9.4,9.6,9.6,70.1,18.3,13.4,5.7,4.2,10.2,12.9,15.0,4.8,9.3,45.9,87.0,53.7,4.3,5.8,15.4,24.7,83.1,14.3,29.4,21.9,3.0,27.3,4.1,3.4,2.9,3.6
10005051311,Sussex,10005,1832,1712,38.4556525,-75.096869,8.4,87.7,28.7,39.6,10.9,8.5,16.0,94.3,8.6,78.8,10.1,9.7,9.9,71.3,18.7,14.2,6.0,4.8,10.4,13.5,15.9,4.5,9.9,47.3,87.5,54.2,4.3,6.2,14.5,24.1,81.8,15.3,30.4,23.0,3.3,27.1,4.4,3.6,3.1,4.0
10005051312,Sussex,10005,2290,2046,38.4656497,-75.145069,10.8,85.9,30.3,37.3,11.9,8.4,14.7,92.8,9.8,75.0,9.5,9.8,11.2,69.3,18.9,13.3,7.4,5.6,11.5,13.8,16.7,6.2,9.8,44.9,86.0,51.5,5.5,6.9,16.8,26.5,79.8,15.7,30.2,24.9,3.3,28.4,4.3,4.2,3.6,4.2
10005051313,Sussex,10005,3144,2742,38.5438368,-75.0988805,9.4,86.1,31.1,38.4,11.5,9.2,14.7,92.6,10.3,75.6,10.0,10.2,11.9,66.4,19.9,14.3,8.4,6.9,12.0,14.5,18.0,6.5,10.0,45.9,86.2,52.0,6.0,7.4,16.4,26.3,82.1,16.6,31.5,25.7,3.7,29.1,4.6,4.7,4.2,4.6
10005051314,Sussex,10005,2525,2271,38.5107268,-75.0818958,7.8,86.3,28.1,37.1,11.9,7.9,14.8,93.4,9.1,76.5,9.1,9.9,10.3,72.1,19.3,13.1,6.6,5.1,11.2,13.1,15.5,5.4,9.1,44.3,86.0,51.8,5.0,6.3,15.6,25.4,82.3,14.4,30.2,22.7,3.2,27.7,4.1,3.9,3.4,3.8
10005051400,Sussex,10005,3878,3033,38.4688149,-75.2402646,12.4,81.1,30.5,29.0,14.4,7.5,9.0,87.9,13.0,66.5,7.3,10.4,14.3,61.7,20.0,12.9,14.6,11.0,14.7,14.2,19.9,12.7,7.3,38.8,80.3,44.8,11.5,7.9,21.9,31.3,80.3,14.8,34.4,28.6,3.8,33.7,3.8,7.4,7.0,5.2
10005051501,Sussex,10005,2246,1737,38.5290977,-75.2194073,18.5,80.9,31.6,28.5,14.3,7.7,8.4,87.1,13.9,66.0,7.4,10.8,14.6,56.8,20.4,13.4,16.8,13.1,15.4,14.5,21.1,13.2,7.2,39.1,80.0,43.6,13.1,8.6,22.4,32.2,78.7,15.4,35.7,29.5,4.2,35.7,4.0,8.5,8.1,5.7
10005051502,Sussex,10005,3228,2586,38.5312188,-75.268874,12.0,81.4,31.8,31.1,14.3,8.6,9.9,87.9,13.6,72.4,8.0,10.8,15.9,64.9,21.3,12.9,13.9,11.3,15.4,14.8,20.2,10.3,8.0,40.2,80.8,45.6,10.6,8.5,21.5,31.3,80.0,15.6,34.4,28.6,4.0,32.4,4.1,7.2,6.8,5.2
10005051701,Sussex,10005,4103,3258,38.566578,-75.4749782,15.3,80.1,32.3,30.2,15.2,8.9,9.5,86.3,14.7,65.7,7.9,11.1,17.1,57.0,22.8,12.3,14.3,11.8,16.5,15.2,20.6,10.4,8.0,38.6,79.6,44.8,10.7,9.0,21.5,31.9,78.0,15.5,34.1,28.7,4.1,34.0,3.9,7.5,6.9,5.2
10005051702,Sussex,10005,6577,4982,38.4907852,-75.4509188,15.1,79.6,32.9,29.5,15.4,9.2,8.7,85.3,15.5,62.4,7.7,11.3,18.8,55.7,23.5,12.6,16.4,14.5,17.4,15.6,21.7,10.7,7.7,38.6,78.3,43.8,12.2,9.5,21.9,32.2,77.3,15.7,36.0,29.6,4.4,35.1,4.0,8.5,8.2,5.6
10005051801,Sussex,10005,5359,3933,38.5554691,-75.6570857,22.9,80.1,36.8,31.3,14.0,10.9,8.6,84.4,17.3,61.6,8.8,11.7,21.0,49.0,23.9,14.9,22.2,21.3,18.5,17.4,25.8,13.2,8.6,41.7,79.1,44.6,15.9,11.4,22.5,32.7,74.3,18.7,39.4,34.5,5.6,37.6,4.6,11.2,11.4,7.2
10005051802,Sussex,10005,4354,3076,38.5385686,-75.5706918,22.4,80.6,35.0,28.9,13.8,9.3,7.8,84.9,16.7,61.2,7.7,12.2,18.6,52.2,22.6,13.8,22.2,20.3,18.2,16.0,24.4,12.8,7.4,40.3,78.0,42.3,16.9,10.9,24.4,34.4,75.9,17.2,38.6,32.4,5.2,38.3,4.3,11.3,11.6,6.8
10005051900,Sussex,10005,4760,3685,38.4886379,-75.6258541,16.1,81.1,30.6,29.8,14.9,8.0,9.4,87.4,13.5,66.0,7.4,11.0,15.4,60.5,21.8,12.3,13.4,11.1,15.7,14.2,19.2,9.1,7.4,39.0,80.0,44.3,10.4,8.3,21.3,31.4,76.9,14.7,34.2,27.2,3.8,34.2,3.9,7.2,6.9,4.9
